border,true positive rate,false positive rate
0.0007063678175216,1.0,1.0
0.0010906419007413706,1.0,0.8372093023255813
0.0014749159839611413,0.898876404494382,0.8372093023255813
0.001859190067180912,0.8426966292134831,0.813953488372093
0.002243464150400683,0.8426966292134831,0.7674418604651163
0.0026277382336204534,0.8314606741573034,0.6976744186046512
0.003012012316840224,0.8314606741573034,0.6976744186046512
0.0033962864000599948,0.797752808988764,0.6976744186046512
0.0037805604832797657,0.7528089887640449,0.6976744186046512
0.004164834566499537,0.7415730337078652,0.6744186046511628
0.004549108649719307,0.7078651685393258,0.6744186046511628
0.0049333827329390775,0.7078651685393258,0.6744186046511628
0.0053176568161588484,0.7078651685393258,0.6744186046511628
0.005701930899378619,0.7078651685393258,0.6511627906976745
0.006086204982598389,0.6966292134831461,0.6046511627906976
0.00647047906581816,0.6853932584269663,0.5813953488372092
0.006854753149037931,0.6853932584269663,0.5813953488372092
0.007239027232257702,0.6853932584269663,0.5813953488372092
0.007623301315477473,0.6741573033707865,0.5813953488372092
0.008007575398697243,0.6629213483146067,0.5813953488372092
0.008391849481917013,0.6629213483146067,0.5813953488372092
0.008776123565136785,0.6629213483146067,0.5581395348837209
0.009160397648356555,0.651685393258427,0.5581395348837209
0.009544671731576327,0.6404494382022472,0.5581395348837209
0.009928945814796097,0.6179775280898876,0.5581395348837209
0.010313219898015867,0.6179775280898876,0.5581395348837209
0.010697493981235639,0.6179775280898876,0.5581395348837209
0.011081768064455409,0.5955056179775281,0.5581395348837209
0.011466042147675179,0.5955056179775281,0.5348837209302326
0.01185031623089495,0.5842696629213483,0.4883720930232558
0.01223459031411472,0.5842696629213483,0.4651162790697675
0.012618864397334492,0.5842696629213483,0.4651162790697675
0.013003138480554262,0.5842696629213483,0.4651162790697675
0.013387412563774032,0.5730337078651685,0.4651162790697675
0.013771686646993804,0.5730337078651685,0.4651162790697675
0.014155960730213574,0.5617977528089888,0.4651162790697675
0.014540234813433346,0.5617977528089888,0.4651162790697675
0.014924508896653116,0.5617977528089888,0.4651162790697675
0.015308782979872886,0.5617977528089888,0.4418604651162791
0.015693057063092656,0.5617977528089888,0.4418604651162791
0.016077331146312428,0.5617977528089888,0.4418604651162791
0.016461605229532196,0.550561797752809,0.4418604651162791
0.016845879312751968,0.550561797752809,0.4418604651162791
0.01723015339597174,0.550561797752809,0.4418604651162791
0.017614427479191508,0.550561797752809,0.41860465116279066
0.01799870156241128,0.550561797752809,0.41860465116279066
0.01838297564563105,0.550561797752809,0.41860465116279066
0.01876724972885082,0.5393258426966292,0.41860465116279066
0.01915152381207059,0.4943820224719101,0.39534883720930236
0.019535797895290363,0.47191011235955055,0.34883720930232553
0.01992007197851013,0.449438202247191,0.34883720930232553
0.020304346061729903,0.449438202247191,0.34883720930232553
0.020688620144949675,0.449438202247191,0.34883720930232553
0.021072894228169443,0.449438202247191,0.34883720930232553
0.021457168311389215,0.449438202247191,0.34883720930232553
0.021841442394608987,0.449438202247191,0.34883720930232553
0.022225716477828755,0.42696629213483145,0.34883720930232553
0.022609990561048527,0.4157303370786517,0.34883720930232553
0.0229942646442683,0.4044943820224719,0.32558139534883723
0.02337853872748807,0.39325842696629215,0.32558139534883723
0.02376281281070784,0.39325842696629215,0.32558139534883723
0.02414708689392761,0.39325842696629215,0.32558139534883723
0.024531360977147382,0.39325842696629215,0.32558139534883723
0.02491563506036715,0.39325842696629215,0.32558139534883723
0.025299909143586922,0.38202247191011235,0.32558139534883723
0.025684183226806694,0.38202247191011235,0.3023255813953488
0.026068457310026463,0.3707865168539326,0.3023255813953488
0.026452731393246234,0.3707865168539326,0.3023255813953488
0.026837005476466006,0.3707865168539326,0.3023255813953488
0.027221279559685774,0.3707865168539326,0.3023255813953488
0.027605553642905546,0.3707865168539326,0.3023255813953488
0.027989827726125318,0.3595505617977528,0.3023255813953488
0.02837410180934509,0.3595505617977528,0.3023255813953488
0.028758375892564858,0.3595505617977528,0.2790697674418605
0.02914264997578463,0.3595505617977528,0.2790697674418605
0.0295269240590044,0.3595505617977528,0.2790697674418605
0.02991119814222417,0.3595505617977528,0.2790697674418605
0.03029547222544394,0.34831460674157305,0.2790697674418605
0.030679746308663713,0.34831460674157305,0.2790697674418605
0.031064020391883482,0.33707865168539325,0.2790697674418605
0.03144829447510326,0.33707865168539325,0.2558139534883721
0.031832568558323025,0.3258426966292135,0.2558139534883721
0.032216842641542794,0.3258426966292135,0.2558139534883721
0.03260111672476257,0.3146067415730337,0.2558139534883721
0.03298539080798234,0.3146067415730337,0.2558139534883721
0.033369664891202105,0.3146067415730337,0.2558139534883721
0.03375393897442188,0.3146067415730337,0.2558139534883721
0.03413821305764165,0.3146067415730337,0.2558139534883721
0.03452248714086142,0.3146067415730337,0.2558139534883721
0.03490676122408119,0.3146067415730337,0.2558139534883721
0.03529103530730096,0.3146067415730337,0.2558139534883721
0.03567530939052073,0.3146067415730337,0.2558139534883721
0.036059583473740504,0.30337078651685395,0.2558139534883721
0.03644385755696027,0.29213483146067415,0.2558139534883721
0.03682813164018004,0.29213483146067415,0.2558139534883721
0.037212405723399816,0.29213483146067415,0.2558139534883721
0.037596679806619585,0.29213483146067415,0.2558139534883721
0.03798095388983935,0.29213483146067415,0.2558139534883721
0.03836522797305913,0.29213483146067415,0.2558139534883721
0.038749502056278896,0.29213483146067415,0.2558139534883721
0.039133776139498665,0.29213483146067415,0.2558139534883721
0.03951805022271844,0.29213483146067415,0.2558139534883721
0.03990232430593821,0.29213483146067415,0.2558139534883721
0.040286598389157977,0.2808988764044944,0.2558139534883721
0.04067087247237775,0.2808988764044944,0.2558139534883721
0.04105514655559752,0.2808988764044944,0.2558139534883721
0.04143942063881729,0.2808988764044944,0.2558139534883721
0.041823694722037064,0.2808988764044944,0.2558139534883721
0.04220796880525683,0.2808988764044944,0.2558139534883721
0.0425922428884766,0.2808988764044944,0.2558139534883721
0.042976516971696375,0.2808988764044944,0.2558139534883721
0.043360791054916144,0.2808988764044944,0.2558139534883721
0.04374506513813591,0.2808988764044944,0.2558139534883721
0.04412933922135569,0.2808988764044944,0.2558139534883721
0.044513613304575456,0.2808988764044944,0.2558139534883721
0.04489788738779523,0.2808988764044944,0.2558139534883721
0.045282161471015,0.2696629213483146,0.2558139534883721
0.04566643555423477,0.2696629213483146,0.2558139534883721
0.04605070963745454,0.2696629213483146,0.2558139534883721
0.04643498372067431,0.2696629213483146,0.2558139534883721
0.04681925780389408,0.2696629213483146,0.2558139534883721
0.047203531887113855,0.2696629213483146,0.2325581395348837
0.04758780597033362,0.2696629213483146,0.2325581395348837
0.04797208005355339,0.2696629213483146,0.2325581395348837
0.048356354136773166,0.2696629213483146,0.2325581395348837
0.048740628219992935,0.2696629213483146,0.2325581395348837
0.0491249023032127,0.2696629213483146,0.2325581395348837
0.04950917638643248,0.2696629213483146,0.2325581395348837
0.04989345046965225,0.2696629213483146,0.2093023255813954
0.050277724552872015,0.25842696629213485,0.18604651162790697
0.05066199863609179,0.25842696629213485,0.18604651162790697
0.05104627271931156,0.25842696629213485,0.18604651162790697
0.05143054680253133,0.25842696629213485,0.18604651162790697
0.0518148208857511,0.25842696629213485,0.18604651162790697
0.05219909496897087,0.25842696629213485,0.18604651162790697
0.05258336905219064,0.25842696629213485,0.18604651162790697
0.052967643135410414,0.25842696629213485,0.18604651162790697
0.05335191721863018,0.25842696629213485,0.18604651162790697
0.05373619130184995,0.25842696629213485,0.18604651162790697
0.054120465385069726,0.25842696629213485,0.18604651162790697
0.054504739468289494,0.25842696629213485,0.18604651162790697
0.05488901355150926,0.25842696629213485,0.18604651162790697
0.05527328763472904,0.25842696629213485,0.18604651162790697
0.055657561717948806,0.25842696629213485,0.18604651162790697
0.05604183580116858,0.25842696629213485,0.18604651162790697
0.05642610988438835,0.24719101123595505,0.18604651162790697
0.05681038396760812,0.23595505617977527,0.18604651162790697
0.05719465805082789,0.23595505617977527,0.18604651162790697
0.05757893213404766,0.23595505617977527,0.18604651162790697
0.05796320621726743,0.23595505617977527,0.18604651162790697
0.058347480300487205,0.23595505617977527,0.18604651162790697
0.05873175438370697,0.2247191011235955,0.18604651162790697
0.05911602846692674,0.2247191011235955,0.18604651162790697
0.05950030255014652,0.2247191011235955,0.18604651162790697
0.059884576633366285,0.2247191011235955,0.18604651162790697
0.06026885071658605,0.2247191011235955,0.18604651162790697
0.06065312479980583,0.2247191011235955,0.18604651162790697
0.0610373988830256,0.2247191011235955,0.18604651162790697
0.061421672966245365,0.2247191011235955,0.18604651162790697
0.06180594704946514,0.2247191011235955,0.18604651162790697
0.06219022113268491,0.2247191011235955,0.18604651162790697
0.06257449521590468,0.2247191011235955,0.18604651162790697
0.06295876929912446,0.2247191011235955,0.18604651162790697
0.06334304338234423,0.2247191011235955,0.18604651162790697
0.063727317465564,0.2247191011235955,0.18604651162790697
0.06411159154878376,0.2247191011235955,0.18604651162790697
0.06449586563200355,0.2247191011235955,0.18604651162790697
0.06488013971522331,0.2247191011235955,0.18604651162790697
0.06526441379844308,0.2247191011235955,0.18604651162790697
0.06564868788166285,0.2247191011235955,0.18604651162790697
0.06603296196488262,0.2247191011235955,0.18604651162790697
0.06641723604810239,0.2247191011235955,0.18604651162790697
0.06680151013132217,0.2247191011235955,0.18604651162790697
0.06718578421454194,0.2247191011235955,0.18604651162790697
0.0675700582977617,0.2247191011235955,0.18604651162790697
0.06795433238098147,0.2247191011235955,0.18604651162790697
0.06833860646420124,0.21348314606741572,0.18604651162790697
0.06872288054742101,0.20224719101123595,0.18604651162790697
0.0691071546306408,0.20224719101123595,0.18604651162790697
0.06949142871386056,0.20224719101123595,0.18604651162790697
0.06987570279708033,0.20224719101123595,0.18604651162790697
0.0702599768803001,0.20224719101123595,0.18604651162790697
0.07064425096351987,0.20224719101123595,0.18604651162790697
0.07102852504673964,0.20224719101123595,0.18604651162790697
0.07141279912995942,0.20224719101123595,0.18604651162790697
0.07179707321317919,0.20224719101123595,0.18604651162790697
0.07218134729639895,0.20224719101123595,0.18604651162790697
0.07256562137961872,0.20224719101123595,0.18604651162790697
0.07294989546283849,0.20224719101123595,0.18604651162790697
0.07333416954605826,0.20224719101123595,0.18604651162790697
0.07371844362927804,0.19101123595505617,0.18604651162790697
0.07410271771249781,0.19101123595505617,0.18604651162790697
0.07448699179571758,0.19101123595505617,0.18604651162790697
0.07487126587893735,0.19101123595505617,0.18604651162790697
0.07525553996215711,0.19101123595505617,0.18604651162790697
0.0756398140453769,0.19101123595505617,0.18604651162790697
0.07602408812859666,0.19101123595505617,0.18604651162790697
0.07640836221181643,0.19101123595505617,0.18604651162790697
0.0767926362950362,0.19101123595505617,0.18604651162790697
0.07717691037825597,0.19101123595505617,0.18604651162790697
0.07756118446147574,0.19101123595505617,0.18604651162790697
0.07794545854469552,0.19101123595505617,0.16279069767441856
0.07832973262791529,0.19101123595505617,0.16279069767441856
0.07871400671113506,0.19101123595505617,0.16279069767441856
0.07909828079435482,0.19101123595505617,0.16279069767441856
0.0794825548775746,0.19101123595505617,0.16279069767441856
0.07986682896079436,0.19101123595505617,0.16279069767441856
0.08025110304401414,0.19101123595505617,0.16279069767441856
0.08063537712723391,0.19101123595505617,0.16279069767441856
0.08101965121045368,0.19101123595505617,0.16279069767441856
0.08140392529367345,0.19101123595505617,0.16279069767441856
0.08178819937689322,0.19101123595505617,0.16279069767441856
0.08217247346011299,0.19101123595505617,0.16279069767441856
0.08255674754333277,0.19101123595505617,0.16279069767441856
0.08294102162655254,0.19101123595505617,0.16279069767441856
0.0833252957097723,0.19101123595505617,0.16279069767441856
0.08370956979299207,0.19101123595505617,0.16279069767441856
0.08409384387621184,0.19101123595505617,0.16279069767441856
0.08447811795943161,0.19101123595505617,0.16279069767441856
0.08486239204265139,0.19101123595505617,0.16279069767441856
0.08524666612587116,0.19101123595505617,0.16279069767441856
0.08563094020909093,0.19101123595505617,0.16279069767441856
0.0860152142923107,0.19101123595505617,0.16279069767441856
0.08639948837553046,0.19101123595505617,0.16279069767441856
0.08678376245875023,0.19101123595505617,0.16279069767441856
0.08716803654197001,0.1797752808988764,0.16279069767441856
0.08755231062518978,0.1797752808988764,0.13953488372093026
0.08793658470840955,0.1797752808988764,0.13953488372093026
0.08832085879162932,0.1797752808988764,0.13953488372093026
0.08870513287484909,0.1797752808988764,0.13953488372093026
0.08908940695806887,0.1797752808988764,0.13953488372093026
0.08947368104128864,0.1797752808988764,0.13953488372093026
0.0898579551245084,0.1797752808988764,0.13953488372093026
0.09024222920772818,0.1797752808988764,0.13953488372093026
0.09062650329094794,0.1797752808988764,0.13953488372093026
0.09101077737416771,0.1797752808988764,0.13953488372093026
0.0913950514573875,0.1797752808988764,0.13953488372093026
0.09177932554060726,0.1797752808988764,0.13953488372093026
0.09216359962382703,0.1797752808988764,0.13953488372093026
0.0925478737070468,0.1797752808988764,0.13953488372093026
0.09293214779026657,0.1797752808988764,0.13953488372093026
0.09331642187348634,0.1797752808988764,0.13953488372093026
0.09370069595670612,0.1797752808988764,0.13953488372093026
0.09408497003992589,0.1797752808988764,0.13953488372093026
0.09446924412314565,0.1797752808988764,0.13953488372093026
0.09485351820636542,0.1797752808988764,0.13953488372093026
0.09523779228958519,0.1797752808988764,0.13953488372093026
0.09562206637280496,0.1797752808988764,0.13953488372093026
0.09600634045602474,0.1797752808988764,0.13953488372093026
0.09639061453924451,0.1797752808988764,0.13953488372093026
0.09677488862246428,0.1797752808988764,0.13953488372093026
0.09715916270568405,0.1797752808988764,0.13953488372093026
0.09754343678890381,0.1797752808988764,0.13953488372093026
0.09792771087212358,0.1797752808988764,0.13953488372093026
0.09831198495534337,0.1797752808988764,0.13953488372093026
0.09869625903856313,0.1797752808988764,0.13953488372093026
0.0990805331217829,0.1797752808988764,0.13953488372093026
0.09946480720500267,0.1797752808988764,0.13953488372093026
0.09984908128822244,0.1797752808988764,0.13953488372093026
0.10023335537144222,0.1797752808988764,0.13953488372093026
0.10061762945466199,0.1797752808988764,0.13953488372093026
0.10100190353788176,0.1797752808988764,0.13953488372093026
0.10138617762110153,0.1797752808988764,0.13953488372093026
0.1017704517043213,0.1797752808988764,0.13953488372093026
0.10215472578754106,0.1797752808988764,0.13953488372093026
0.10253899987076084,0.1797752808988764,0.13953488372093026
0.10292327395398061,0.1797752808988764,0.13953488372093026
0.10330754803720038,0.1797752808988764,0.13953488372093026
0.10369182212042015,0.1797752808988764,0.09302325581395354
0.10407609620363992,0.1797752808988764,0.09302325581395354
0.10446037028685969,0.1797752808988764,0.09302325581395354
0.10484464437007947,0.1797752808988764,0.09302325581395354
0.10522891845329924,0.1797752808988764,0.09302325581395354
0.105613192536519,0.1797752808988764,0.06976744186046513
0.10599746661973877,0.1797752808988764,0.06976744186046513
0.10638174070295854,0.1797752808988764,0.06976744186046513
0.10676601478617831,0.1797752808988764,0.06976744186046513
0.10715028886939809,0.1797752808988764,0.06976744186046513
0.10753456295261786,0.1797752808988764,0.06976744186046513
0.10791883703583763,0.1797752808988764,0.06976744186046513
0.1083031111190574,0.1797752808988764,0.06976744186046513
0.10868738520227716,0.1797752808988764,0.06976744186046513
0.10907165928549693,0.1797752808988764,0.06976744186046513
0.10945593336871672,0.1797752808988764,0.06976744186046513
0.10984020745193648,0.1797752808988764,0.06976744186046513
0.11022448153515625,0.1797752808988764,0.06976744186046513
0.11060875561837602,0.1797752808988764,0.06976744186046513
0.11099302970159579,0.1797752808988764,0.06976744186046513
0.11137730378481557,0.1797752808988764,0.06976744186046513
0.11176157786803534,0.1797752808988764,0.06976744186046513
0.11214585195125511,0.1797752808988764,0.06976744186046513
0.11253012603447488,0.1797752808988764,0.06976744186046513
0.11291440011769464,0.1797752808988764,0.06976744186046513
0.11329867420091441,0.1797752808988764,0.06976744186046513
0.1136829482841342,0.1797752808988764,0.06976744186046513
0.11406722236735396,0.1797752808988764,0.06976744186046513
0.11445149645057373,0.1797752808988764,0.06976744186046513
0.1148357705337935,0.1797752808988764,0.06976744186046513
0.11522004461701327,0.1797752808988764,0.06976744186046513
0.11560431870023304,0.1797752808988764,0.06976744186046513
0.11598859278345282,0.16853932584269662,0.06976744186046513
0.11637286686667259,0.16853932584269662,0.06976744186046513
0.11675714094989235,0.16853932584269662,0.06976744186046513
0.11714141503311212,0.16853932584269662,0.06976744186046513
0.11752568911633189,0.16853932584269662,0.06976744186046513
0.11790996319955166,0.16853932584269662,0.06976744186046513
0.11829423728277144,0.16853932584269662,0.06976744186046513
0.11867851136599121,0.16853932584269662,0.06976744186046513
0.11906278544921098,0.16853932584269662,0.06976744186046513
0.11944705953243075,0.16853932584269662,0.06976744186046513
0.11983133361565051,0.16853932584269662,0.06976744186046513
0.12021560769887028,0.16853932584269662,0.06976744186046513
0.12059988178209007,0.16853932584269662,0.06976744186046513
0.12098415586530983,0.16853932584269662,0.06976744186046513
0.1213684299485296,0.16853932584269662,0.06976744186046513
0.12175270403174937,0.16853932584269662,0.06976744186046513
0.12213697811496914,0.16853932584269662,0.046511627906976716
0.1225212521981889,0.16853932584269662,0.046511627906976716
0.12290552628140869,0.16853932584269662,0.046511627906976716
0.12328980036462846,0.16853932584269662,0.046511627906976716
0.12367407444784823,0.16853932584269662,0.046511627906976716
0.124058348531068,0.16853932584269662,0.046511627906976716
0.12444262261428776,0.16853932584269662,0.046511627906976716
0.12482689669750754,0.16853932584269662,0.046511627906976716
0.1252111707807273,0.16853932584269662,0.046511627906976716
0.12559544486394708,0.16853932584269662,0.046511627906976716
0.12597971894716684,0.16853932584269662,0.046511627906976716
0.12636399303038662,0.16853932584269662,0.046511627906976716
0.12674826711360637,0.16853932584269662,0.046511627906976716
0.12713254119682615,0.16853932584269662,0.046511627906976716
0.1275168152800459,0.16853932584269662,0.046511627906976716
0.1279010893632657,0.16853932584269662,0.046511627906976716
0.12828536344648547,0.16853932584269662,0.046511627906976716
0.12866963752970523,0.16853932584269662,0.046511627906976716
0.129053911612925,0.16853932584269662,0.046511627906976716
0.12943818569614476,0.16853932584269662,0.046511627906976716
0.12982245977936455,0.16853932584269662,0.046511627906976716
0.1302067338625843,0.16853932584269662,0.046511627906976716
0.13059100794580408,0.16853932584269662,0.046511627906976716
0.13097528202902387,0.16853932584269662,0.046511627906976716
0.13135955611224362,0.16853932584269662,0.046511627906976716
0.1317438301954634,0.16853932584269662,0.046511627906976716
0.13212810427868316,0.16853932584269662,0.046511627906976716
0.13251237836190294,0.16853932584269662,0.046511627906976716
0.13289665244512272,0.16853932584269662,0.046511627906976716
0.13328092652834247,0.16853932584269662,0.046511627906976716
0.13366520061156226,0.16853932584269662,0.046511627906976716
0.134049474694782,0.16853932584269662,0.046511627906976716
0.1344337487780018,0.16853932584269662,0.046511627906976716
0.13481802286122155,0.16853932584269662,0.046511627906976716
0.13520229694444133,0.16853932584269662,0.046511627906976716
0.1355865710276611,0.16853932584269662,0.046511627906976716
0.13597084511088087,0.16853932584269662,0.046511627906976716
0.13635511919410065,0.16853932584269662,0.046511627906976716
0.1367393932773204,0.16853932584269662,0.046511627906976716
0.13712366736054019,0.16853932584269662,0.046511627906976716
0.13750794144375997,0.16853932584269662,0.046511627906976716
0.13789221552697972,0.16853932584269662,0.046511627906976716
0.1382764896101995,0.15730337078651685,0.046511627906976716
0.13866076369341926,0.15730337078651685,0.046511627906976716
0.13904503777663904,0.14606741573033707,0.046511627906976716
0.13942931185985882,0.14606741573033707,0.046511627906976716
0.13981358594307858,0.14606741573033707,0.046511627906976716
0.14019786002629836,0.14606741573033707,0.046511627906976716
0.14058213410951811,0.14606741573033707,0.046511627906976716
0.1409664081927379,0.14606741573033707,0.046511627906976716
0.14135068227595765,0.14606741573033707,0.046511627906976716
0.14173495635917743,0.14606741573033707,0.046511627906976716
0.14211923044239722,0.14606741573033707,0.046511627906976716
0.14250350452561697,0.14606741573033707,0.046511627906976716
0.14288777860883675,0.14606741573033707,0.046511627906976716
0.1432720526920565,0.14606741573033707,0.046511627906976716
0.1436563267752763,0.14606741573033707,0.046511627906976716
0.14404060085849607,0.14606741573033707,0.046511627906976716
0.14442487494171583,0.14606741573033707,0.046511627906976716
0.1448091490249356,0.14606741573033707,0.046511627906976716
0.14519342310815536,0.14606741573033707,0.046511627906976716
0.14557769719137514,0.14606741573033707,0.046511627906976716
0.1459619712745949,0.14606741573033707,0.046511627906976716
0.14634624535781468,0.14606741573033707,0.046511627906976716
0.14673051944103446,0.14606741573033707,0.046511627906976716
0.14711479352425422,0.14606741573033707,0.046511627906976716
0.147499067607474,0.14606741573033707,0.046511627906976716
0.14788334169069375,0.14606741573033707,0.046511627906976716
0.14826761577391354,0.14606741573033707,0.046511627906976716
0.14865188985713332,0.14606741573033707,0.046511627906976716
0.14903616394035307,0.14606741573033707,0.046511627906976716
0.14942043802357285,0.14606741573033707,0.046511627906976716
0.1498047121067926,0.14606741573033707,0.046511627906976716
0.1501889861900124,0.14606741573033707,0.046511627906976716
0.15057326027323217,0.14606741573033707,0.046511627906976716
0.15095753435645193,0.14606741573033707,0.046511627906976716
0.1513418084396717,0.14606741573033707,0.046511627906976716
0.15172608252289146,0.14606741573033707,0.046511627906976716
0.15211035660611125,0.14606741573033707,0.046511627906976716
0.152494630689331,0.14606741573033707,0.046511627906976716
0.15287890477255078,0.14606741573033707,0.046511627906976716
0.15326317885577057,0.14606741573033707,0.046511627906976716
0.15364745293899032,0.14606741573033707,0.046511627906976716
0.1540317270222101,0.14606741573033707,0.046511627906976716
0.15441600110542986,0.14606741573033707,0.046511627906976716
0.15480027518864964,0.14606741573033707,0.046511627906976716
0.15518454927186942,0.14606741573033707,0.046511627906976716
0.15556882335508918,0.14606741573033707,0.046511627906976716
0.15595309743830896,0.14606741573033707,0.046511627906976716
0.1563373715215287,0.14606741573033707,0.046511627906976716
0.1567216456047485,0.14606741573033707,0.046511627906976716
0.15710591968796825,0.14606741573033707,0.046511627906976716
0.15749019377118803,0.14606741573033707,0.046511627906976716
0.1578744678544078,0.14606741573033707,0.046511627906976716
0.15825874193762757,0.14606741573033707,0.046511627906976716
0.15864301602084735,0.14606741573033707,0.046511627906976716
0.1590272901040671,0.14606741573033707,0.046511627906976716
0.15941156418728689,0.14606741573033707,0.046511627906976716
0.15979583827050667,0.14606741573033707,0.046511627906976716
0.16018011235372642,0.14606741573033707,0.046511627906976716
0.1605643864369462,0.14606741573033707,0.023255813953488413
0.16094866052016596,0.14606741573033707,0.023255813953488413
0.16133293460338574,0.14606741573033707,0.023255813953488413
0.16171720868660552,0.14606741573033707,0.023255813953488413
0.16210148276982528,0.1348314606741573,0.023255813953488413
0.16248575685304506,0.1348314606741573,0.023255813953488413
0.16287003093626481,0.1348314606741573,0.023255813953488413
0.1632543050194846,0.1348314606741573,0.023255813953488413
0.16363857910270435,0.1348314606741573,0.023255813953488413
0.16402285318592413,0.1348314606741573,0.023255813953488413
0.16440712726914392,0.1348314606741573,0.023255813953488413
0.16479140135236367,0.1348314606741573,0.023255813953488413
0.16517567543558345,0.11235955056179775,0.023255813953488413
0.1655599495188032,0.11235955056179775,0.023255813953488413
0.165944223602023,0.11235955056179775,0.023255813953488413
0.16632849768524277,0.10112359550561797,0.023255813953488413
0.16671277176846253,0.10112359550561797,0.023255813953488413
0.1670970458516823,0.10112359550561797,0.023255813953488413
0.16748131993490206,0.10112359550561797,0.023255813953488413
0.16786559401812184,0.10112359550561797,0.023255813953488413
0.1682498681013416,0.10112359550561797,0.023255813953488413
0.16863414218456138,0.10112359550561797,0.023255813953488413
0.16901841626778116,0.10112359550561797,0.023255813953488413
0.16940269035100092,0.10112359550561797,0.023255813953488413
0.1697869644342207,0.10112359550561797,0.023255813953488413
0.17017123851744045,0.10112359550561797,0.023255813953488413
0.17055551260066024,0.10112359550561797,0.023255813953488413
0.17093978668388002,0.10112359550561797,0.023255813953488413
0.17132406076709977,0.10112359550561797,0.023255813953488413
0.17170833485031956,0.10112359550561797,0.023255813953488413
0.1720926089335393,0.10112359550561797,0.023255813953488413
0.1724768830167591,0.10112359550561797,0.023255813953488413
0.17286115709997885,0.10112359550561797,0.023255813953488413
0.17324543118319863,0.10112359550561797,0.023255813953488413
0.1736297052664184,0.10112359550561797,0.023255813953488413
0.17401397934963816,0.10112359550561797,0.023255813953488413
0.17439825343285795,0.10112359550561797,0.023255813953488413
0.1747825275160777,0.10112359550561797,0.023255813953488413
0.17516680159929748,0.10112359550561797,0.023255813953488413
0.17555107568251727,0.10112359550561797,0.023255813953488413
0.17593534976573702,0.10112359550561797,0.023255813953488413
0.1763196238489568,0.10112359550561797,0.023255813953488413
0.17670389793217656,0.10112359550561797,0.023255813953488413
0.17708817201539634,0.10112359550561797,0.023255813953488413
0.17747244609861612,0.10112359550561797,0.023255813953488413
0.17785672018183588,0.10112359550561797,0.023255813953488413
0.17824099426505566,0.10112359550561797,0.023255813953488413
0.1786252683482754,0.10112359550561797,0.023255813953488413
0.1790095424314952,0.10112359550561797,0.023255813953488413
0.17939381651471495,0.10112359550561797,0.023255813953488413
0.17977809059793473,0.10112359550561797,0.023255813953488413
0.1801623646811545,0.10112359550561797,0.023255813953488413
0.18054663876437427,0.10112359550561797,0.023255813953488413
0.18093091284759405,0.10112359550561797,0.023255813953488413
0.1813151869308138,0.10112359550561797,0.023255813953488413
0.1816994610140336,0.10112359550561797,0.023255813953488413
0.18208373509725337,0.10112359550561797,0.023255813953488413
0.18246800918047312,0.10112359550561797,0.023255813953488413
0.1828522832636929,0.10112359550561797,0.023255813953488413
0.18323655734691266,0.10112359550561797,0.023255813953488413
0.18362083143013244,0.10112359550561797,0.023255813953488413
0.1840051055133522,0.10112359550561797,0.023255813953488413
0.18438937959657198,0.10112359550561797,0.023255813953488413
0.18477365367979176,0.10112359550561797,0.023255813953488413
0.18515792776301152,0.10112359550561797,0.023255813953488413
0.1855422018462313,0.10112359550561797,0.023255813953488413
0.18592647592945105,0.10112359550561797,0.023255813953488413
0.18631075001267083,0.10112359550561797,0.023255813953488413
0.18669502409589062,0.10112359550561797,0.023255813953488413
0.18707929817911037,0.10112359550561797,0.023255813953488413
0.18746357226233015,0.10112359550561797,0.023255813953488413
0.1878478463455499,0.10112359550561797,0.023255813953488413
0.1882321204287697,0.10112359550561797,0.023255813953488413
0.18861639451198947,0.10112359550561797,0.023255813953488413
0.18900066859520923,0.10112359550561797,0.023255813953488413
0.189384942678429,0.10112359550561797,0.023255813953488413
0.18976921676164876,0.10112359550561797,0.023255813953488413
0.19015349084486854,0.10112359550561797,0.023255813953488413
0.1905377649280883,0.10112359550561797,0.023255813953488413
0.19092203901130808,0.10112359550561797,0.023255813953488413
0.19130631309452786,0.10112359550561797,0.023255813953488413
0.19169058717774762,0.10112359550561797,0.023255813953488413
0.1920748612609674,0.07865168539325842,0.023255813953488413
0.19245913534418715,0.07865168539325842,0.023255813953488413
0.19284340942740694,0.07865168539325842,0.023255813953488413
0.19322768351062672,0.07865168539325842,0.023255813953488413
0.19361195759384647,0.07865168539325842,0.023255813953488413
0.19399623167706626,0.07865168539325842,0.023255813953488413
0.194380505760286,0.07865168539325842,0.023255813953488413
0.1947647798435058,0.07865168539325842,0.023255813953488413
0.19514905392672555,0.07865168539325842,0.023255813953488413
0.19553332800994533,0.07865168539325842,0.023255813953488413
0.1959176020931651,0.07865168539325842,0.023255813953488413
0.19630187617638487,0.07865168539325842,0.023255813953488413
0.19668615025960465,0.07865168539325842,0.023255813953488413
0.1970704243428244,0.07865168539325842,0.023255813953488413
0.19745469842604418,0.06741573033707865,0.023255813953488413
0.19783897250926397,0.06741573033707865,0.023255813953488413
0.19822324659248372,0.06741573033707865,0.023255813953488413
0.1986075206757035,0.06741573033707865,0.023255813953488413
0.19899179475892326,0.056179775280898875,0.023255813953488413
0.19937606884214304,0.056179775280898875,0.023255813953488413
0.19976034292536282,0.056179775280898875,0.023255813953488413
0.20014461700858258,0.056179775280898875,0.023255813953488413
0.20052889109180236,0.056179775280898875,0.023255813953488413
0.2009131651750221,0.056179775280898875,0.023255813953488413
0.2012974392582419,0.056179775280898875,0.023255813953488413
0.20168171334146165,0.056179775280898875,0.023255813953488413
0.20206598742468143,0.056179775280898875,0.0
0.2024502615079012,0.056179775280898875,0.0
0.20283453559112097,0.056179775280898875,0.0
0.20321880967434075,0.056179775280898875,0.0
0.2036030837575605,0.056179775280898875,0.0
0.2039873578407803,0.056179775280898875,0.0
0.20437163192400007,0.056179775280898875,0.0
0.20475590600721982,0.056179775280898875,0.0
0.2051401800904396,0.056179775280898875,0.0
0.20552445417365936,0.056179775280898875,0.0
0.20590872825687914,0.056179775280898875,0.0
0.2062930023400989,0.056179775280898875,0.0
0.20667727642331868,0.056179775280898875,0.0
0.20706155050653846,0.056179775280898875,0.0
0.20744582458975822,0.056179775280898875,0.0
0.207830098672978,0.056179775280898875,0.0
0.20821437275619775,0.056179775280898875,0.0
0.20859864683941753,0.056179775280898875,0.0
0.20898292092263732,0.056179775280898875,0.0
0.20936719500585707,0.056179775280898875,0.0
0.20975146908907685,0.056179775280898875,0.0
0.2101357431722966,0.056179775280898875,0.0
0.2105200172555164,0.056179775280898875,0.0
0.21090429133873617,0.056179775280898875,0.0
0.21128856542195593,0.056179775280898875,0.0
0.2116728395051757,0.056179775280898875,0.0
0.21205711358839546,0.056179775280898875,0.0
0.21244138767161524,0.056179775280898875,0.0
0.212825661754835,0.056179775280898875,0.0
0.21320993583805478,0.056179775280898875,0.0
0.21359420992127456,0.056179775280898875,0.0
0.21397848400449432,0.056179775280898875,0.0
0.2143627580877141,0.056179775280898875,0.0
0.21474703217093385,0.056179775280898875,0.0
0.21513130625415364,0.056179775280898875,0.0
0.21551558033737342,0.056179775280898875,0.0
0.21589985442059317,0.056179775280898875,0.0
0.21628412850381296,0.056179775280898875,0.0
0.2166684025870327,0.056179775280898875,0.0
0.2170526766702525,0.056179775280898875,0.0
0.21743695075347225,0.056179775280898875,0.0
0.21782122483669203,0.056179775280898875,0.0
0.2182054989199118,0.056179775280898875,0.0
0.21858977300313157,0.056179775280898875,0.0
0.21897404708635135,0.056179775280898875,0.0
0.2193583211695711,0.056179775280898875,0.0
0.21974259525279088,0.056179775280898875,0.0
0.22012686933601067,0.056179775280898875,0.0
0.22051114341923042,0.056179775280898875,0.0
0.2208954175024502,0.056179775280898875,0.0
0.22127969158566996,0.056179775280898875,0.0
0.22166396566888974,0.056179775280898875,0.0
0.22204823975210952,0.056179775280898875,0.0
0.22243251383532928,0.056179775280898875,0.0
0.22281678791854906,0.056179775280898875,0.0
0.2232010620017688,0.056179775280898875,0.0
0.2235853360849886,0.056179775280898875,0.0
0.22396961016820835,0.056179775280898875,0.0
0.22435388425142813,0.056179775280898875,0.0
0.22473815833464791,0.056179775280898875,0.0
0.22512243241786767,0.056179775280898875,0.0
0.22550670650108745,0.056179775280898875,0.0
0.2258909805843072,0.056179775280898875,0.0
0.226275254667527,0.056179775280898875,0.0
0.22665952875074677,0.056179775280898875,0.0
0.22704380283396652,0.056179775280898875,0.0
0.2274280769171863,0.056179775280898875,0.0
0.22781235100040606,0.056179775280898875,0.0
0.22819662508362584,0.056179775280898875,0.0
0.2285808991668456,0.056179775280898875,0.0
0.22896517325006538,0.056179775280898875,0.0
0.22934944733328516,0.056179775280898875,0.0
0.22973372141650492,0.056179775280898875,0.0
0.2301179954997247,0.056179775280898875,0.0
0.23050226958294445,0.056179775280898875,0.0
0.23088654366616423,0.056179775280898875,0.0
0.23127081774938402,0.056179775280898875,0.0
0.23165509183260377,0.056179775280898875,0.0
0.23203936591582355,0.056179775280898875,0.0
0.2324236399990433,0.056179775280898875,0.0
0.2328079140822631,0.056179775280898875,0.0
0.23319218816548284,0.056179775280898875,0.0
0.23357646224870263,0.056179775280898875,0.0
0.2339607363319224,0.056179775280898875,0.0
0.23434501041514216,0.056179775280898875,0.0
0.23472928449836195,0.056179775280898875,0.0
0.2351135585815817,0.056179775280898875,0.0
0.23549783266480148,0.056179775280898875,0.0
0.23588210674802126,0.056179775280898875,0.0
0.23626638083124102,0.056179775280898875,0.0
0.2366506549144608,0.056179775280898875,0.0
0.23703492899768056,0.056179775280898875,0.0
0.23741920308090034,0.056179775280898875,0.0
0.23780347716412012,0.056179775280898875,0.0
0.23818775124733987,0.056179775280898875,0.0
0.23857202533055966,0.056179775280898875,0.0
0.2389562994137794,0.056179775280898875,0.0
0.2393405734969992,0.056179775280898875,0.0
0.23972484758021895,0.056179775280898875,0.0
0.24010912166343873,0.056179775280898875,0.0
0.2404933957466585,0.056179775280898875,0.0
0.24087766982987827,0.056179775280898875,0.0
0.24126194391309805,0.056179775280898875,0.0
0.2416462179963178,0.056179775280898875,0.0
0.24203049207953758,0.056179775280898875,0.0
0.24241476616275737,0.056179775280898875,0.0
0.24279904024597712,0.056179775280898875,0.0
0.2431833143291969,0.056179775280898875,0.0
0.24356758841241666,0.056179775280898875,0.0
0.24395186249563644,0.056179775280898875,0.0
0.2443361365788562,0.056179775280898875,0.0
0.24472041066207598,0.056179775280898875,0.0
0.24510468474529576,0.056179775280898875,0.0
0.2454889588285155,0.056179775280898875,0.0
0.2458732329117353,0.056179775280898875,0.0
0.24625750699495505,0.056179775280898875,0.0
0.24664178107817483,0.056179775280898875,0.0
0.24702605516139461,0.056179775280898875,0.0
0.24741032924461437,0.056179775280898875,0.0
0.24779460332783415,0.056179775280898875,0.0
0.2481788774110539,0.056179775280898875,0.0
0.2485631514942737,0.056179775280898875,0.0
0.24894742557749347,0.056179775280898875,0.0
0.24933169966071322,0.0449438202247191,0.0
0.249715973743933,0.0449438202247191,0.0
0.2501002478271528,0.0449438202247191,0.0
0.25048452191037257,0.0449438202247191,0.0
0.2508687959935923,0.0449438202247191,0.0
0.2512530700768121,0.0449438202247191,0.0
0.25163734416003186,0.0449438202247191,0.0
0.25202161824325164,0.033707865168539325,0.0
0.25240589232647137,0.033707865168539325,0.0
0.25279016640969115,0.033707865168539325,0.0
0.25317444049291093,0.033707865168539325,0.0
0.2535587145761307,0.033707865168539325,0.0
0.2539429886593505,0.033707865168539325,0.0
0.2543272627425702,0.033707865168539325,0.0
0.25471153682579,0.033707865168539325,0.0
0.2550958109090098,0.033707865168539325,0.0
0.2554800849922296,0.033707865168539325,0.0
0.25586435907544935,0.033707865168539325,0.0
0.2562486331586691,0.033707865168539325,0.0
0.25663290724188886,0.033707865168539325,0.0
0.25701718132510865,0.033707865168539325,0.0
0.25740145540832843,0.033707865168539325,0.0
0.25778572949154815,0.033707865168539325,0.0
0.25817000357476794,0.033707865168539325,0.0
0.2585542776579877,0.033707865168539325,0.0
0.2589385517412075,0.033707865168539325,0.0
0.2593228258244273,0.033707865168539325,0.0
0.259707099907647,0.033707865168539325,0.0
0.2600913739908668,0.033707865168539325,0.0
0.2604756480740866,0.033707865168539325,0.0
0.26085992215730636,0.033707865168539325,0.0
0.26124419624052614,0.033707865168539325,0.0
0.26162847032374587,0.033707865168539325,0.0
0.26201274440696565,0.033707865168539325,0.0
0.26239701849018543,0.033707865168539325,0.0
0.2627812925734052,0.033707865168539325,0.0
0.263165566656625,0.033707865168539325,0.0
0.2635498407398447,0.033707865168539325,0.0
0.2639341148230645,0.033707865168539325,0.0
0.2643183889062843,0.033707865168539325,0.0
0.26470266298950407,0.033707865168539325,0.0
0.26508693707272385,0.033707865168539325,0.0
0.2654712111559436,0.033707865168539325,0.0
0.26585548523916336,0.033707865168539325,0.0
0.26623975932238314,0.033707865168539325,0.0
0.2666240334056029,0.033707865168539325,0.0
0.2670083074888227,0.033707865168539325,0.0
0.26739258157204243,0.033707865168539325,0.0
0.2677768556552622,0.033707865168539325,0.0
0.268161129738482,0.033707865168539325,0.0
0.2685454038217018,0.033707865168539325,0.0
0.2689296779049215,0.033707865168539325,0.0
0.2693139519881413,0.033707865168539325,0.0
0.26969822607136107,0.033707865168539325,0.0
0.27008250015458085,0.033707865168539325,0.0
0.27046677423780063,0.033707865168539325,0.0
0.27085104832102036,0.033707865168539325,0.0
0.27123532240424014,0.033707865168539325,0.0
0.2716195964874599,0.033707865168539325,0.0
0.2720038705706797,0.033707865168539325,0.0
0.2723881446538995,0.033707865168539325,0.0
0.2727724187371192,0.033707865168539325,0.0
0.273156692820339,0.033707865168539325,0.0
0.2735409669035588,0.033707865168539325,0.0
0.27392524098677856,0.033707865168539325,0.0
0.27430951506999834,0.033707865168539325,0.0
0.27469378915321807,0.033707865168539325,0.0
0.27507806323643785,0.033707865168539325,0.0
0.27546233731965764,0.033707865168539325,0.0
0.2758466114028774,0.033707865168539325,0.0
0.2762308854860972,0.033707865168539325,0.0
0.2766151595693169,0.033707865168539325,0.0
0.2769994336525367,0.033707865168539325,0.0
0.2773837077357565,0.033707865168539325,0.0
0.2777679818189763,0.033707865168539325,0.0
0.27815225590219606,0.033707865168539325,0.0
0.2785365299854158,0.033707865168539325,0.0
0.27892080406863556,0.033707865168539325,0.0
0.27930507815185535,0.033707865168539325,0.0
0.27968935223507513,0.033707865168539325,0.0
0.28007362631829485,0.033707865168539325,0.0
0.28045790040151464,0.033707865168539325,0.0
0.2808421744847344,0.033707865168539325,0.0
0.2812264485679542,0.033707865168539325,0.0
0.281610722651174,0.033707865168539325,0.0
0.2819949967343937,0.033707865168539325,0.0
0.2823792708176135,0.033707865168539325,0.0
0.2827635449008333,0.033707865168539325,0.0
0.28314781898405306,0.033707865168539325,0.0
0.28353209306727284,0.033707865168539325,0.0
0.28391636715049257,0.033707865168539325,0.0
0.28430064123371235,0.033707865168539325,0.0
0.28468491531693213,0.033707865168539325,0.0
0.2850691894001519,0.033707865168539325,0.0
0.2854534634833717,0.033707865168539325,0.0
0.2858377375665914,0.033707865168539325,0.0
0.2862220116498112,0.033707865168539325,0.0
0.286606285733031,0.033707865168539325,0.0
0.28699055981625077,0.033707865168539325,0.0
0.28737483389947055,0.033707865168539325,0.0
0.2877591079826903,0.033707865168539325,0.0
0.28814338206591006,0.033707865168539325,0.0
0.28852765614912984,0.033707865168539325,0.0
0.2889119302323496,0.033707865168539325,0.0
0.2892962043155694,0.033707865168539325,0.0
0.28968047839878913,0.033707865168539325,0.0
0.2900647524820089,0.033707865168539325,0.0
0.2904490265652287,0.033707865168539325,0.0
0.2908333006484485,0.033707865168539325,0.0
0.2912175747316682,0.033707865168539325,0.0
0.291601848814888,0.033707865168539325,0.0
0.29198612289810777,0.033707865168539325,0.0
0.29237039698132755,0.033707865168539325,0.0
0.29275467106454733,0.033707865168539325,0.0
0.29313894514776706,0.033707865168539325,0.0
0.29352321923098684,0.033707865168539325,0.0
0.2939074933142066,0.033707865168539325,0.0
0.2942917673974264,0.033707865168539325,0.0
0.2946760414806462,0.033707865168539325,0.0
0.2950603155638659,0.033707865168539325,0.0
0.2954445896470857,0.033707865168539325,0.0
0.2958288637303055,0.02247191011235955,0.0
0.29621313781352526,0.02247191011235955,0.0
0.29659741189674504,0.02247191011235955,0.0
0.29698168597996477,0.02247191011235955,0.0
0.29736596006318455,0.02247191011235955,0.0
0.29775023414640434,0.02247191011235955,0.0
0.2981345082296241,0.02247191011235955,0.0
0.2985187823128439,0.02247191011235955,0.0
0.2989030563960636,0.02247191011235955,0.0
0.2992873304792834,0.02247191011235955,0.0
0.2996716045625032,0.02247191011235955,0.0
0.300055878645723,0.02247191011235955,0.0
0.30044015272894276,0.02247191011235955,0.0
0.3008244268121625,0.02247191011235955,0.0
0.30120870089538226,0.02247191011235955,0.0
0.30159297497860205,0.02247191011235955,0.0
0.30197724906182183,0.02247191011235955,0.0
0.30236152314504156,0.02247191011235955,0.0
0.30274579722826134,0.02247191011235955,0.0
0.3031300713114811,0.02247191011235955,0.0
0.3035143453947009,0.02247191011235955,0.0
0.3038986194779207,0.02247191011235955,0.0
0.3042828935611404,0.02247191011235955,0.0
0.3046671676443602,0.02247191011235955,0.0
0.30505144172758,0.02247191011235955,0.0
0.30543571581079976,0.02247191011235955,0.0
0.30581998989401954,0.02247191011235955,0.0
0.30620426397723927,0.02247191011235955,0.0
0.30658853806045905,0.02247191011235955,0.0
0.30697281214367883,0.02247191011235955,0.0
0.3073570862268986,0.02247191011235955,0.0
0.3077413603101184,0.02247191011235955,0.0
0.3081256343933381,0.02247191011235955,0.0
0.3085099084765579,0.02247191011235955,0.0
0.3088941825597777,0.02247191011235955,0.0
0.30927845664299747,0.02247191011235955,0.0
0.30966273072621725,0.02247191011235955,0.0
0.310047004809437,0.02247191011235955,0.0
0.31043127889265676,0.02247191011235955,0.0
0.31081555297587654,0.02247191011235955,0.0
0.3111998270590963,0.02247191011235955,0.0
0.3115841011423161,0.02247191011235955,0.0
0.31196837522553583,0.02247191011235955,0.0
0.3123526493087556,0.02247191011235955,0.0
0.3127369233919754,0.02247191011235955,0.0
0.3131211974751952,0.02247191011235955,0.0
0.3135054715584149,0.02247191011235955,0.0
0.3138897456416347,0.02247191011235955,0.0
0.31427401972485447,0.02247191011235955,0.0
0.31465829380807425,0.02247191011235955,0.0
0.31504256789129403,0.02247191011235955,0.0
0.31542684197451376,0.02247191011235955,0.0
0.31581111605773354,0.02247191011235955,0.0
0.3161953901409533,0.02247191011235955,0.0
0.3165796642241731,0.02247191011235955,0.0
0.3169639383073929,0.02247191011235955,0.0
0.3173482123906126,0.02247191011235955,0.0
0.3177324864738324,0.02247191011235955,0.0
0.3181167605570522,0.02247191011235955,0.0
0.31850103464027196,0.02247191011235955,0.0
0.31888530872349174,0.02247191011235955,0.0
0.31926958280671147,0.02247191011235955,0.0
0.31965385688993125,0.02247191011235955,0.0
0.32003813097315104,0.02247191011235955,0.0
0.3204224050563708,0.02247191011235955,0.0
0.3208066791395906,0.02247191011235955,0.0
0.3211909532228103,0.011235955056179775,0.0
0.3215752273060301,0.011235955056179775,0.0
0.3219595013892499,0.011235955056179775,0.0
0.3223437754724697,0.011235955056179775,0.0
0.32272804955568946,0.011235955056179775,0.0
0.3231123236389092,0.011235955056179775,0.0
0.32349659772212896,0.011235955056179775,0.0
0.32388087180534875,0.011235955056179775,0.0
0.32426514588856853,0.011235955056179775,0.0
0.32464941997178826,0.011235955056179775,0.0
0.32503369405500804,0.011235955056179775,0.0
0.3254179681382278,0.011235955056179775,0.0
0.3258022422214476,0.011235955056179775,0.0
0.3261865163046674,0.011235955056179775,0.0
0.3265707903878871,0.011235955056179775,0.0
0.3269550644711069,0.011235955056179775,0.0
0.3273393385543267,0.011235955056179775,0.0
0.32772361263754646,0.011235955056179775,0.0
0.32810788672076624,0.011235955056179775,0.0
0.32849216080398597,0.011235955056179775,0.0
0.32887643488720575,0.011235955056179775,0.0
0.32926070897042553,0.011235955056179775,0.0
0.3296449830536453,0.011235955056179775,0.0
0.3300292571368651,0.011235955056179775,0.0
0.3304135312200848,0.011235955056179775,0.0
0.3307978053033046,0.011235955056179775,0.0
0.3311820793865244,0.011235955056179775,0.0
0.33156635346974417,0.011235955056179775,0.0
0.33195062755296395,0.011235955056179775,0.0
0.3323349016361837,0.011235955056179775,0.0
0.33271917571940346,0.011235955056179775,0.0
0.33310344980262324,0.011235955056179775,0.0
0.333487723885843,0.011235955056179775,0.0
0.3338719979690628,0.011235955056179775,0.0
0.33425627205228253,0.011235955056179775,0.0
0.3346405461355023,0.011235955056179775,0.0
0.3350248202187221,0.011235955056179775,0.0
0.3354090943019419,0.011235955056179775,0.0
0.3357933683851616,0.011235955056179775,0.0
0.3361776424683814,0.011235955056179775,0.0
0.33656191655160117,0.011235955056179775,0.0
0.33694619063482095,0.011235955056179775,0.0
0.33733046471804073,0.011235955056179775,0.0
0.33771473880126046,0.011235955056179775,0.0
0.33809901288448024,0.011235955056179775,0.0
0.3384832869677,0.011235955056179775,0.0
0.3388675610509198,0.011235955056179775,0.0
0.3392518351341396,0.011235955056179775,0.0
0.3396361092173593,0.011235955056179775,0.0
0.3400203833005791,0.011235955056179775,0.0
0.3404046573837989,0.011235955056179775,0.0
0.34078893146701866,0.011235955056179775,0.0
0.34117320555023845,0.011235955056179775,0.0
0.34155747963345817,0.011235955056179775,0.0
0.34194175371667795,0.011235955056179775,0.0
0.34232602779989774,0.011235955056179775,0.0
0.3427103018831175,0.011235955056179775,0.0
0.3430945759663373,0.011235955056179775,0.0
0.343478850049557,0.011235955056179775,0.0
0.3438631241327768,0.011235955056179775,0.0
0.3442473982159966,0.011235955056179775,0.0
0.3446316722992164,0.011235955056179775,0.0
0.3450159463824361,0.011235955056179775,0.0
0.3454002204656559,0.011235955056179775,0.0
0.34578449454887566,0.011235955056179775,0.0
0.34616876863209545,0.011235955056179775,0.0
0.34655304271531523,0.011235955056179775,0.0
0.34693731679853496,0.011235955056179775,0.0
0.34732159088175474,0.011235955056179775,0.0
0.3477058649649745,0.011235955056179775,0.0
0.3480901390481943,0.011235955056179775,0.0
0.3484744131314141,0.011235955056179775,0.0
0.3488586872146338,0.011235955056179775,0.0
0.3492429612978536,0.011235955056179775,0.0
0.3496272353810734,0.011235955056179775,0.0
0.35001150946429316,0.011235955056179775,0.0
0.35039578354751294,0.011235955056179775,0.0
0.35078005763073267,0.011235955056179775,0.0
0.35116433171395245,0.011235955056179775,0.0
0.35154860579717223,0.011235955056179775,0.0
0.351932879880392,0.011235955056179775,0.0
0.3523171539636118,0.011235955056179775,0.0
0.3527014280468315,0.011235955056179775,0.0
0.3530857021300513,0.011235955056179775,0.0
0.3534699762132711,0.011235955056179775,0.0
0.35385425029649087,0.011235955056179775,0.0
0.35423852437971065,0.011235955056179775,0.0
0.3546227984629304,0.011235955056179775,0.0
0.35500707254615016,0.011235955056179775,0.0
0.35539134662936994,0.011235955056179775,0.0
0.3557756207125897,0.011235955056179775,0.0
0.35615989479580945,0.011235955056179775,0.0
0.35654416887902923,0.011235955056179775,0.0
0.356928442962249,0.011235955056179775,0.0
0.3573127170454688,0.011235955056179775,0.0
0.3576969911286886,0.011235955056179775,0.0
0.3580812652119083,0.011235955056179775,0.0
0.3584655392951281,0.011235955056179775,0.0
0.35884981337834787,0.011235955056179775,0.0
0.35923408746156765,0.011235955056179775,0.0
0.35961836154478743,0.011235955056179775,0.0
0.36000263562800716,0.011235955056179775,0.0
0.36038690971122694,0.011235955056179775,0.0
0.3607711837944467,0.011235955056179775,0.0
0.3611554578776665,0.011235955056179775,0.0
0.3615397319608863,0.011235955056179775,0.0
0.361924006044106,0.011235955056179775,0.0
0.3623082801273258,0.011235955056179775,0.0
0.3626925542105456,0.011235955056179775,0.0
0.36307682829376536,0.011235955056179775,0.0
0.36346110237698515,0.011235955056179775,0.0
0.3638453764602049,0.011235955056179775,0.0
0.36422965054342465,0.011235955056179775,0.0
0.36461392462664444,0.011235955056179775,0.0
0.3649981987098642,0.011235955056179775,0.0
0.365382472793084,0.011235955056179775,0.0
0.3657667468763037,0.011235955056179775,0.0
0.3661510209595235,0.011235955056179775,0.0
0.3665352950427433,0.011235955056179775,0.0
0.3669195691259631,0.011235955056179775,0.0
0.3673038432091828,0.011235955056179775,0.0
0.3676881172924026,0.011235955056179775,0.0
0.36807239137562237,0.011235955056179775,0.0
0.36845666545884215,0.011235955056179775,0.0
0.36884093954206193,0.011235955056179775,0.0
0.36922521362528166,0.011235955056179775,0.0
0.36960948770850144,0.011235955056179775,0.0
0.3699937617917212,0.011235955056179775,0.0
0.370378035874941,0.011235955056179775,0.0
0.3707623099581608,0.011235955056179775,0.0
0.3711465840413805,0.011235955056179775,0.0
0.3715308581246003,0.011235955056179775,0.0
0.3719151322078201,0.011235955056179775,0.0
0.37229940629103986,0.011235955056179775,0.0
0.37268368037425964,0.011235955056179775,0.0
0.37306795445747937,0.011235955056179775,0.0
0.37345222854069915,0.011235955056179775,0.0
0.37383650262391893,0.011235955056179775,0.0
0.3742207767071387,0.011235955056179775,0.0
0.3746050507903585,0.011235955056179775,0.0
0.3749893248735782,0.011235955056179775,0.0
0.375373598956798,0.011235955056179775,0.0
0.3757578730400178,0.011235955056179775,0.0
0.37614214712323757,0.011235955056179775,0.0
0.37652642120645735,0.011235955056179775,0.0
0.3769106952896771,0.011235955056179775,0.0
0.37729496937289686,0.011235955056179775,0.0
0.37767924345611664,0.011235955056179775,0.0
0.3780635175393364,0.011235955056179775,0.0
0.37844779162255615,0.011235955056179775,0.0
0.37883206570577593,0.011235955056179775,0.0
0.3792163397889957,0.011235955056179775,0.0
0.3796006138722155,0.011235955056179775,0.0
0.3799848879554353,0.011235955056179775,0.0
0.380369162038655,0.011235955056179775,0.0
0.3807534361218748,0.011235955056179775,0.0
0.38113771020509457,0.011235955056179775,0.0
0.38152198428831435,0.011235955056179775,0.0
0.38190625837153414,0.011235955056179775,0.0
0.38229053245475386,0.011235955056179775,0.0
0.38267480653797364,0.011235955056179775,0.0
0.3830590806211934,0.011235955056179775,0.0
0.3834433547044132,0.011235955056179775,0.0
0.383827628787633,0.011235955056179775,0.0
0.3842119028708527,0.011235955056179775,0.0
0.3845961769540725,0.011235955056179775,0.0
