n,alpha,target,target_with_noise,equation_name,varied_variable_name
0.0,0.07220899573541761,1.0,1.0,Feynman65,alpha
0.0,0.1402091422449967,1.0,1.0,Feynman65,alpha
0.0,0.7023353472138888,1.0,1.0,Feynman65,alpha
0.0,0.9721054647476588,1.0,1.0,Feynman65,alpha
0.0,0.5059075681652122,1.0,1.0,Feynman65,alpha
0.0,0.16476811364426558,1.0,1.0,Feynman65,alpha
0.0,0.38348191128560427,1.0,1.0,Feynman65,alpha
0.0,0.8410756246834176,1.0,1.0,Feynman65,alpha
0.0,0.7482276569814679,1.0,1.0,Feynman65,alpha
0.0,0.798745263755147,1.0,1.0,Feynman65,alpha
0.0,0.5700211440280998,1.0,1.0,Feynman65,alpha
0.0,0.3999248914463559,1.0,1.0,Feynman65,alpha
0.0,0.6559674359585651,1.0,1.0,Feynman65,alpha
0.0,0.6898754466666417,1.0,1.0,Feynman65,alpha
0.0,0.3406275420548781,1.0,1.0,Feynman65,alpha
0.0,0.5044798393776024,1.0,1.0,Feynman65,alpha
0.0,0.6252398136711257,1.0,1.0,Feynman65,alpha
0.0,0.7337044872844598,1.0,1.0,Feynman65,alpha
0.0,0.3847203059487946,1.0,1.0,Feynman65,alpha
0.0,0.20447964899809656,1.0,1.0,Feynman65,alpha
0.0,0.7318064115876117,1.0,1.0,Feynman65,alpha
0.0,0.4270383191659056,1.0,1.0,Feynman65,alpha
0.0,0.7295005864795692,1.0,1.0,Feynman65,alpha
0.0,0.26437038701688165,1.0,1.0,Feynman65,alpha
0.0,0.9631956810244786,1.0,1.0,Feynman65,alpha
0.0,0.7045773070810087,1.0,1.0,Feynman65,alpha
0.0,0.0843738659990727,1.0,1.0,Feynman65,alpha
0.0,0.6986582693837066,1.0,1.0,Feynman65,alpha
0.0,0.4631358056776024,1.0,1.0,Feynman65,alpha
0.0,0.008839513959695733,1.0,1.0,Feynman65,alpha
0.0,0.18664165873805283,1.0,1.0,Feynman65,alpha
0.0,0.09871531476940598,1.0,1.0,Feynman65,alpha
0.0,0.5391388181796662,1.0,1.0,Feynman65,alpha
0.0,0.7989417552621828,1.0,1.0,Feynman65,alpha
0.0,0.4711421112787556,1.0,1.0,Feynman65,alpha
0.0,0.5112744299435733,1.0,1.0,Feynman65,alpha
0.0,0.40530076960302874,1.0,1.0,Feynman65,alpha
0.0,0.29613331959437295,1.0,1.0,Feynman65,alpha
0.0,0.8712303503444646,1.0,1.0,Feynman65,alpha
0.0,0.8857459545832956,1.0,1.0,Feynman65,alpha
0.0,0.6047016362858708,1.0,1.0,Feynman65,alpha
0.0,0.7991515735610206,1.0,1.0,Feynman65,alpha
0.0,0.24667149319697323,1.0,1.0,Feynman65,alpha
0.0,0.5919350537539576,1.0,1.0,Feynman65,alpha
0.0,0.8356835682890269,1.0,1.0,Feynman65,alpha
0.0,0.7566797366570679,1.0,1.0,Feynman65,alpha
0.0,0.31092321400803347,1.0,1.0,Feynman65,alpha
0.0,0.6676338411424297,1.0,1.0,Feynman65,alpha
0.0,0.9824645087586183,1.0,1.0,Feynman65,alpha
0.0,0.06726094173092578,1.0,1.0,Feynman65,alpha
0.0,0.3840670796993483,1.0,1.0,Feynman65,alpha
0.0,0.6148149452555546,1.0,1.0,Feynman65,alpha
0.0,0.827134524868985,1.0,1.0,Feynman65,alpha
0.0,0.7620796155574414,1.0,1.0,Feynman65,alpha
0.0,0.3662408037159115,1.0,1.0,Feynman65,alpha
0.0,0.9328142008308796,1.0,1.0,Feynman65,alpha
0.0,0.6152888482171018,1.0,1.0,Feynman65,alpha
0.0,0.26939667765319064,1.0,1.0,Feynman65,alpha
0.0,0.5846593391964496,1.0,1.0,Feynman65,alpha
0.0,0.26457729293474297,1.0,1.0,Feynman65,alpha
0.0,0.40810819880439164,1.0,1.0,Feynman65,alpha
0.0,0.4619476692080846,1.0,1.0,Feynman65,alpha
0.0,0.30157729914826503,1.0,1.0,Feynman65,alpha
0.0,0.9456005826520371,1.0,1.0,Feynman65,alpha
0.0,0.5671486501368849,1.0,1.0,Feynman65,alpha
0.0,0.9302455055030197,1.0,1.0,Feynman65,alpha
0.0,0.984431969860073,1.0,1.0,Feynman65,alpha
0.0,0.17829715581481687,1.0,1.0,Feynman65,alpha
0.0,0.8300596090580545,1.0,1.0,Feynman65,alpha
0.0,0.40137539672836253,1.0,1.0,Feynman65,alpha
0.0,0.2774997437448855,1.0,1.0,Feynman65,alpha
0.0,0.6299465351054632,1.0,1.0,Feynman65,alpha
0.0,0.6878513081584865,1.0,1.0,Feynman65,alpha
0.0,0.2577946099471471,1.0,1.0,Feynman65,alpha
0.0,0.44702463103717416,1.0,1.0,Feynman65,alpha
0.0,0.2968458562742795,1.0,1.0,Feynman65,alpha
0.0,0.07002551310703209,1.0,1.0,Feynman65,alpha
0.0,0.463014384885304,1.0,1.0,Feynman65,alpha
0.0,0.39560278976450436,1.0,1.0,Feynman65,alpha
0.0,0.018288097467198505,1.0,1.0,Feynman65,alpha
0.0,0.5756208690460063,1.0,1.0,Feynman65,alpha
0.0,0.1809858281922182,1.0,1.0,Feynman65,alpha
0.0,0.5382098003704954,1.0,1.0,Feynman65,alpha
0.0,0.7136412098809559,1.0,1.0,Feynman65,alpha
0.0,0.6920588210602566,1.0,1.0,Feynman65,alpha
0.0,0.33976420900939097,1.0,1.0,Feynman65,alpha
0.0,0.0544439790357798,1.0,1.0,Feynman65,alpha
0.0,0.017209168862875823,1.0,1.0,Feynman65,alpha
0.0,0.08113565903454778,1.0,1.0,Feynman65,alpha
0.0,0.9953470075302585,1.0,1.0,Feynman65,alpha
0.0,0.8928327970734252,1.0,1.0,Feynman65,alpha
0.0,0.5637302234663594,1.0,1.0,Feynman65,alpha
0.0,0.2655785959916195,1.0,1.0,Feynman65,alpha
0.0,0.15392424509161096,1.0,1.0,Feynman65,alpha
0.0,0.7046812760444361,1.0,1.0,Feynman65,alpha
0.0,0.19864428364207531,1.0,1.0,Feynman65,alpha
0.0,0.8260279005369123,1.0,1.0,Feynman65,alpha
0.0,0.3818275706696852,1.0,1.0,Feynman65,alpha
0.0,0.9598680463744769,1.0,1.0,Feynman65,alpha
0.0,0.7779182656769755,1.0,1.0,Feynman65,alpha
0.0,0.6070068558535322,1.0,1.0,Feynman65,alpha
0.0,0.23620778346454274,1.0,1.0,Feynman65,alpha
0.0,0.07733864035019666,1.0,1.0,Feynman65,alpha
0.0,0.6830028105862054,1.0,1.0,Feynman65,alpha
0.0,0.19309470993764621,1.0,1.0,Feynman65,alpha
0.0,0.6949262923560381,1.0,1.0,Feynman65,alpha
0.0,0.06645421130337592,1.0,1.0,Feynman65,alpha
0.0,0.6707479077420938,1.0,1.0,Feynman65,alpha
0.0,0.5949524473828582,1.0,1.0,Feynman65,alpha
0.0,0.4821371141932893,1.0,1.0,Feynman65,alpha
0.0,0.9351096194155768,1.0,1.0,Feynman65,alpha
0.0,0.7645281506142086,1.0,1.0,Feynman65,alpha
0.0,0.15240540054331497,1.0,1.0,Feynman65,alpha
0.0,0.4513672290879748,1.0,1.0,Feynman65,alpha
0.0,0.5755063246217307,1.0,1.0,Feynman65,alpha
0.0,0.22892550092297337,1.0,1.0,Feynman65,alpha
0.0,0.8348240415564507,1.0,1.0,Feynman65,alpha
0.0,0.8370039104950826,1.0,1.0,Feynman65,alpha
0.0,0.2803321659217919,1.0,1.0,Feynman65,alpha
0.0,0.04596352166527429,1.0,1.0,Feynman65,alpha
0.0,0.300139082122151,1.0,1.0,Feynman65,alpha
0.0,0.8089444638012144,1.0,1.0,Feynman65,alpha
0.0,0.11924082774276334,1.0,1.0,Feynman65,alpha
0.0,0.7305052361689972,1.0,1.0,Feynman65,alpha
0.0,0.4249828738022483,1.0,1.0,Feynman65,alpha
0.0,0.6616376190493781,1.0,1.0,Feynman65,alpha
0.0,0.7135691057966824,1.0,1.0,Feynman65,alpha
0.0,0.12837944562299153,1.0,1.0,Feynman65,alpha
0.0,0.11867998992649864,1.0,1.0,Feynman65,alpha
0.0,0.005579472977390254,1.0,1.0,Feynman65,alpha
0.0,0.930185478085749,1.0,1.0,Feynman65,alpha
0.0,0.10991600120303635,1.0,1.0,Feynman65,alpha
0.0,0.6205229963774501,1.0,1.0,Feynman65,alpha
0.0,0.4418177309615149,1.0,1.0,Feynman65,alpha
0.0,0.8434308034692442,1.0,1.0,Feynman65,alpha
0.0,0.8811961531860979,1.0,1.0,Feynman65,alpha
0.0,0.24231159002140856,1.0,1.0,Feynman65,alpha
0.0,0.28639999280731754,1.0,1.0,Feynman65,alpha
0.0,0.49748674642528945,1.0,1.0,Feynman65,alpha
0.0,0.3844997807000148,1.0,1.0,Feynman65,alpha
0.0,0.38942805539704606,1.0,1.0,Feynman65,alpha
0.0,0.9529572453983641,1.0,1.0,Feynman65,alpha
0.0,0.02553582247786579,1.0,1.0,Feynman65,alpha
0.0,0.5954054789700347,1.0,1.0,Feynman65,alpha
0.0,0.6354817014566823,1.0,1.0,Feynman65,alpha
0.0,0.8362494282073486,1.0,1.0,Feynman65,alpha
0.0,0.9954509878229624,1.0,1.0,Feynman65,alpha
0.0,0.15708878317049169,1.0,1.0,Feynman65,alpha
0.0,0.17253500065111982,1.0,1.0,Feynman65,alpha
0.0,0.8597920739251417,1.0,1.0,Feynman65,alpha
0.0,0.6677571056756063,1.0,1.0,Feynman65,alpha
0.0,0.027954796704776297,1.0,1.0,Feynman65,alpha
0.0,0.6590344277138155,1.0,1.0,Feynman65,alpha
0.0,0.7497008016018629,1.0,1.0,Feynman65,alpha
0.0,0.044873442700944066,1.0,1.0,Feynman65,alpha
0.0,0.40640551986787476,1.0,1.0,Feynman65,alpha
0.0,0.9404866258998911,1.0,1.0,Feynman65,alpha
0.0,0.25110441386016136,1.0,1.0,Feynman65,alpha
0.0,0.1454042358478681,1.0,1.0,Feynman65,alpha
0.0,0.3902692264701515,1.0,1.0,Feynman65,alpha
0.0,0.5125308927277529,1.0,1.0,Feynman65,alpha
0.0,0.8819401995798057,1.0,1.0,Feynman65,alpha
0.0,0.5568098729905293,1.0,1.0,Feynman65,alpha
0.0,0.017324727888771485,1.0,1.0,Feynman65,alpha
0.0,0.5947171245919192,1.0,1.0,Feynman65,alpha
0.0,0.1819801195473476,1.0,1.0,Feynman65,alpha
0.0,0.39370155457195244,1.0,1.0,Feynman65,alpha
0.0,0.06913565951488931,1.0,1.0,Feynman65,alpha
0.0,0.3230064691249227,1.0,1.0,Feynman65,alpha
0.0,0.4208812433762871,1.0,1.0,Feynman65,alpha
0.0,0.5900318375628829,1.0,1.0,Feynman65,alpha
0.0,0.6980816340928613,1.0,1.0,Feynman65,alpha
0.0,0.6163741522584899,1.0,1.0,Feynman65,alpha
0.0,0.3714473582597331,1.0,1.0,Feynman65,alpha
0.0,0.7537181994324458,1.0,1.0,Feynman65,alpha
0.0,0.2070841697287069,1.0,1.0,Feynman65,alpha
0.0,0.5926273095556913,1.0,1.0,Feynman65,alpha
0.0,0.05020598099446405,1.0,1.0,Feynman65,alpha
0.0,0.4835641494271057,1.0,1.0,Feynman65,alpha
0.0,0.06013522972952634,1.0,1.0,Feynman65,alpha
0.0,0.9891238792917212,1.0,1.0,Feynman65,alpha
0.0,0.7244095057490867,1.0,1.0,Feynman65,alpha
0.0,0.16548619259369002,1.0,1.0,Feynman65,alpha
0.0,0.8562116580004859,1.0,1.0,Feynman65,alpha
0.0,0.8591123975371826,1.0,1.0,Feynman65,alpha
0.0,0.44096431215855714,1.0,1.0,Feynman65,alpha
0.0,0.661186604835327,1.0,1.0,Feynman65,alpha
0.0,0.2331102633037152,1.0,1.0,Feynman65,alpha
0.0,0.6125212988352623,1.0,1.0,Feynman65,alpha
0.0,0.11107088036046808,1.0,1.0,Feynman65,alpha
0.0,0.7889574640516094,1.0,1.0,Feynman65,alpha
0.0,0.22567647362045862,1.0,1.0,Feynman65,alpha
0.0,0.22731449553587335,1.0,1.0,Feynman65,alpha
0.0,0.6945806184624553,1.0,1.0,Feynman65,alpha
0.0,0.1027060319380736,1.0,1.0,Feynman65,alpha
0.0,0.9200242973802103,1.0,1.0,Feynman65,alpha
0.0,0.7297431394789896,1.0,1.0,Feynman65,alpha
0.0,0.7128889371234414,1.0,1.0,Feynman65,alpha
0.0,0.9663293127159617,1.0,1.0,Feynman65,alpha
0.0,0.9766426224943678,1.0,1.0,Feynman65,alpha
0.0,0.029616995353155207,1.0,1.0,Feynman65,alpha
0.0,0.5835646607422836,1.0,1.0,Feynman65,alpha
0.0,0.2989692915989953,1.0,1.0,Feynman65,alpha
0.0,0.5518636835776128,1.0,1.0,Feynman65,alpha
0.0,0.09120612533565853,1.0,1.0,Feynman65,alpha
0.0,0.010412677966156525,1.0,1.0,Feynman65,alpha
0.0,0.5817078326042475,1.0,1.0,Feynman65,alpha
0.0,0.42337857402597423,1.0,1.0,Feynman65,alpha
0.0,0.36992755755260565,1.0,1.0,Feynman65,alpha
0.0,0.477399546485083,1.0,1.0,Feynman65,alpha
0.0,0.49095555845937255,1.0,1.0,Feynman65,alpha
0.0,0.5604830516171193,1.0,1.0,Feynman65,alpha
0.0,0.5675308018149376,1.0,1.0,Feynman65,alpha
0.0,0.03336854501003539,1.0,1.0,Feynman65,alpha
0.0,0.08434186972221647,1.0,1.0,Feynman65,alpha
0.0,0.7871367954468809,1.0,1.0,Feynman65,alpha
0.0,0.9092571057839703,1.0,1.0,Feynman65,alpha
0.0,0.7610666230264441,1.0,1.0,Feynman65,alpha
0.0,0.6370465104191537,1.0,1.0,Feynman65,alpha
0.0,0.5283337775143008,1.0,1.0,Feynman65,alpha
0.0,0.5929776862270214,1.0,1.0,Feynman65,alpha
0.0,0.43429325512534966,1.0,1.0,Feynman65,alpha
0.0,0.8084420284817779,1.0,1.0,Feynman65,alpha
0.0,0.7804564233148001,1.0,1.0,Feynman65,alpha
0.0,0.8804546726213734,1.0,1.0,Feynman65,alpha
0.0,0.10840669889546495,1.0,1.0,Feynman65,alpha
0.0,0.917618060769544,1.0,1.0,Feynman65,alpha
0.0,0.7973995528551759,1.0,1.0,Feynman65,alpha
0.0,0.7443327284847748,1.0,1.0,Feynman65,alpha
0.0,0.43549726855852366,1.0,1.0,Feynman65,alpha
0.0,0.9765366505291412,1.0,1.0,Feynman65,alpha
0.0,0.36081018985964586,1.0,1.0,Feynman65,alpha
0.0,0.9079055200454563,1.0,1.0,Feynman65,alpha
0.0,0.32698815107740375,1.0,1.0,Feynman65,alpha
0.0,0.026562010565050476,1.0,1.0,Feynman65,alpha
0.0,0.519925714005633,1.0,1.0,Feynman65,alpha
0.0,0.5322763235379906,1.0,1.0,Feynman65,alpha
0.0,0.6896401458769363,1.0,1.0,Feynman65,alpha
0.0,0.512199477369466,1.0,1.0,Feynman65,alpha
0.0,0.3700848949345641,1.0,1.0,Feynman65,alpha
0.0,0.9222959776877908,1.0,1.0,Feynman65,alpha
0.0,0.5190785389621406,1.0,1.0,Feynman65,alpha
0.0,0.42791121302503765,1.0,1.0,Feynman65,alpha
0.0,0.29148608302912216,1.0,1.0,Feynman65,alpha
0.0,0.5957366140798716,1.0,1.0,Feynman65,alpha
0.0,0.9565922635179949,1.0,1.0,Feynman65,alpha
0.0,0.11561216624836057,1.0,1.0,Feynman65,alpha
0.0,0.476795920182839,1.0,1.0,Feynman65,alpha
0.0,0.7501473276613948,1.0,1.0,Feynman65,alpha
0.0,0.08851939490944549,1.0,1.0,Feynman65,alpha
0.0,0.3648881860652471,1.0,1.0,Feynman65,alpha
0.0,0.8915064078065293,1.0,1.0,Feynman65,alpha
0.0,0.39092738845471686,1.0,1.0,Feynman65,alpha
0.0,0.7324878401506546,1.0,1.0,Feynman65,alpha
0.0,0.4359869028968074,1.0,1.0,Feynman65,alpha
0.0,0.7582492268501511,1.0,1.0,Feynman65,alpha
0.0,0.18832550550788207,1.0,1.0,Feynman65,alpha
0.0,0.580312023190213,1.0,1.0,Feynman65,alpha
0.0,0.8696724789263669,1.0,1.0,Feynman65,alpha
0.0,0.47315985337379374,1.0,1.0,Feynman65,alpha
0.0,0.645654885645344,1.0,1.0,Feynman65,alpha
0.0,0.29234845453850433,1.0,1.0,Feynman65,alpha
0.0,0.8750657238229036,1.0,1.0,Feynman65,alpha
0.0,0.33911933457381926,1.0,1.0,Feynman65,alpha
0.0,0.9869275708559365,1.0,1.0,Feynman65,alpha
0.0,0.5482380195895665,1.0,1.0,Feynman65,alpha
0.0,0.047884465380173435,1.0,1.0,Feynman65,alpha
0.0,0.7608107003930881,1.0,1.0,Feynman65,alpha
0.0,0.03364456991478504,1.0,1.0,Feynman65,alpha
0.0,0.26726388215912145,1.0,1.0,Feynman65,alpha
0.0,0.10766234977540157,1.0,1.0,Feynman65,alpha
0.0,0.22234103873245292,1.0,1.0,Feynman65,alpha
0.0,0.41474212308028435,1.0,1.0,Feynman65,alpha
0.0,0.14193363322603736,1.0,1.0,Feynman65,alpha
0.0,0.48284538907489316,1.0,1.0,Feynman65,alpha
0.0,0.10746138493098667,1.0,1.0,Feynman65,alpha
0.0,0.341575547858711,1.0,1.0,Feynman65,alpha
0.0,0.10750085809935395,1.0,1.0,Feynman65,alpha
0.0,0.7743975222466142,1.0,1.0,Feynman65,alpha
0.0,0.43832900957433796,1.0,1.0,Feynman65,alpha
0.0,0.49291349371586113,1.0,1.0,Feynman65,alpha
0.0,0.4791284788504555,1.0,1.0,Feynman65,alpha
0.0,0.2018849407099178,1.0,1.0,Feynman65,alpha
0.0,0.9169058323368677,1.0,1.0,Feynman65,alpha
0.0,0.7232245939951254,1.0,1.0,Feynman65,alpha
0.0,0.27516161944697015,1.0,1.0,Feynman65,alpha
0.0,0.7951230196679202,1.0,1.0,Feynman65,alpha
0.0,0.16955905641632807,1.0,1.0,Feynman65,alpha
0.0,0.5981731184179712,1.0,1.0,Feynman65,alpha
0.0,0.7706603345585336,1.0,1.0,Feynman65,alpha
0.0,0.22576950956852726,1.0,1.0,Feynman65,alpha
0.0,0.7219584264750833,1.0,1.0,Feynman65,alpha
0.0,0.44418264532083107,1.0,1.0,Feynman65,alpha
0.0,0.9715532572620836,1.0,1.0,Feynman65,alpha
0.0,0.003286242187700572,1.0,1.0,Feynman65,alpha
0.0,0.7965887981388916,1.0,1.0,Feynman65,alpha
0.0,0.059022597432761725,1.0,1.0,Feynman65,alpha
0.0,0.2995752745540413,1.0,1.0,Feynman65,alpha
0.0,0.1487224688119403,1.0,1.0,Feynman65,alpha
0.0,0.5030099082925306,1.0,1.0,Feynman65,alpha
0.0,0.21043718959308422,1.0,1.0,Feynman65,alpha
0.0,0.4224018864628877,1.0,1.0,Feynman65,alpha
0.0,0.27931633751036145,1.0,1.0,Feynman65,alpha
0.0,0.7119220372284318,1.0,1.0,Feynman65,alpha
0.0,0.7640535045164721,1.0,1.0,Feynman65,alpha
0.0,0.015183874796015018,1.0,1.0,Feynman65,alpha
0.0,0.4140116865494231,1.0,1.0,Feynman65,alpha
0.0,0.8498136485572684,1.0,1.0,Feynman65,alpha
0.0,0.2229566326880723,1.0,1.0,Feynman65,alpha
0.0,0.2576804241194597,1.0,1.0,Feynman65,alpha
0.0,0.983143143886962,1.0,1.0,Feynman65,alpha
0.0,0.5596160800279403,1.0,1.0,Feynman65,alpha
0.0,0.48337652496929495,1.0,1.0,Feynman65,alpha
0.0,0.23891824908518033,1.0,1.0,Feynman65,alpha
0.0,0.8490703367268441,1.0,1.0,Feynman65,alpha
0.0,0.7661054903578564,1.0,1.0,Feynman65,alpha
0.0,0.2169474289100629,1.0,1.0,Feynman65,alpha
0.0,0.8417163248446479,1.0,1.0,Feynman65,alpha
0.0,0.8259003378931413,1.0,1.0,Feynman65,alpha
0.0,0.6795260164934726,1.0,1.0,Feynman65,alpha
0.0,0.31056167225494213,1.0,1.0,Feynman65,alpha
0.0,0.6231482203742679,1.0,1.0,Feynman65,alpha
0.0,0.6238621232006096,1.0,1.0,Feynman65,alpha
0.0,0.5183562412628246,1.0,1.0,Feynman65,alpha
0.0,0.9258312379852817,1.0,1.0,Feynman65,alpha
0.0,0.8803933472623638,1.0,1.0,Feynman65,alpha
0.0,0.501340265712916,1.0,1.0,Feynman65,alpha
0.0,0.3869898363155976,1.0,1.0,Feynman65,alpha
0.0,0.6722822582659996,1.0,1.0,Feynman65,alpha
0.0,0.2693845989841952,1.0,1.0,Feynman65,alpha
0.0,0.03100899528383716,1.0,1.0,Feynman65,alpha
0.0,0.11931797142146394,1.0,1.0,Feynman65,alpha
0.0,0.3904891362172368,1.0,1.0,Feynman65,alpha
0.0,0.5056468797808057,1.0,1.0,Feynman65,alpha
0.0,0.10744042233766349,1.0,1.0,Feynman65,alpha
0.0,0.6357637351475475,1.0,1.0,Feynman65,alpha
0.0,0.8876728088163508,1.0,1.0,Feynman65,alpha
0.0,0.6772657217559537,1.0,1.0,Feynman65,alpha
0.0,0.35366724464839105,1.0,1.0,Feynman65,alpha
0.0,0.7335825769936521,1.0,1.0,Feynman65,alpha
0.0,0.7104029959589213,1.0,1.0,Feynman65,alpha
0.0,0.4069636062045652,1.0,1.0,Feynman65,alpha
0.0,0.3444343162933673,1.0,1.0,Feynman65,alpha
0.0,0.8421530207595028,1.0,1.0,Feynman65,alpha
0.0,0.7979028767373364,1.0,1.0,Feynman65,alpha
0.0,0.4851063202563496,1.0,1.0,Feynman65,alpha
0.0,0.4416957687030513,1.0,1.0,Feynman65,alpha
0.0,0.41569992050840343,1.0,1.0,Feynman65,alpha
0.0,0.46102982128587533,1.0,1.0,Feynman65,alpha
0.0,0.11256716542244016,1.0,1.0,Feynman65,alpha
0.0,0.017523394186469865,1.0,1.0,Feynman65,alpha
0.0,0.8746296294951976,1.0,1.0,Feynman65,alpha
0.0,0.5296107832276935,1.0,1.0,Feynman65,alpha
0.0,0.7111673484099386,1.0,1.0,Feynman65,alpha
0.0,0.610473104165803,1.0,1.0,Feynman65,alpha
0.0,0.09644255924750189,1.0,1.0,Feynman65,alpha
0.0,0.251359842215117,1.0,1.0,Feynman65,alpha
0.0,0.08794635695680919,1.0,1.0,Feynman65,alpha
0.0,0.7021657299748926,1.0,1.0,Feynman65,alpha
0.0,0.5019867658563791,1.0,1.0,Feynman65,alpha
0.0,0.10786084027698184,1.0,1.0,Feynman65,alpha
0.0,0.4830862063198825,1.0,1.0,Feynman65,alpha
0.0,0.3442503544980242,1.0,1.0,Feynman65,alpha
0.0,0.8658900724097801,1.0,1.0,Feynman65,alpha
0.0,0.5484863562877611,1.0,1.0,Feynman65,alpha
0.0,0.3873474340901041,1.0,1.0,Feynman65,alpha
0.0,0.0927643260186145,1.0,1.0,Feynman65,alpha
0.0,0.3182008827305681,1.0,1.0,Feynman65,alpha
0.0,0.1328637736711885,1.0,1.0,Feynman65,alpha
0.0,0.8556493720822969,1.0,1.0,Feynman65,alpha
0.0,0.34771045255728505,1.0,1.0,Feynman65,alpha
0.0,0.5111173337400385,1.0,1.0,Feynman65,alpha
0.0,0.5858046250516706,1.0,1.0,Feynman65,alpha
0.0,0.4799028500290523,1.0,1.0,Feynman65,alpha
0.0,0.5820922371950051,1.0,1.0,Feynman65,alpha
0.0,0.31906456729455246,1.0,1.0,Feynman65,alpha
0.0,0.9468894202715156,1.0,1.0,Feynman65,alpha
0.0,0.8869820821676726,1.0,1.0,Feynman65,alpha
0.0,0.4055389476501283,1.0,1.0,Feynman65,alpha
0.0,0.9745919548375345,1.0,1.0,Feynman65,alpha
0.0,0.6456646088954453,1.0,1.0,Feynman65,alpha
0.0,0.27171860250881164,1.0,1.0,Feynman65,alpha
0.0,0.4641462390301493,1.0,1.0,Feynman65,alpha
0.0,0.8684340246325087,1.0,1.0,Feynman65,alpha
0.0,0.23777494710036018,1.0,1.0,Feynman65,alpha
0.0,0.6991775875307553,1.0,1.0,Feynman65,alpha
0.0,0.2543420350577058,1.0,1.0,Feynman65,alpha
0.0,0.4582585860098479,1.0,1.0,Feynman65,alpha
0.0,0.44842485052219383,1.0,1.0,Feynman65,alpha
0.0,0.5816882921802092,1.0,1.0,Feynman65,alpha
0.0,0.4180244249722971,1.0,1.0,Feynman65,alpha
0.0,0.41063805956075006,1.0,1.0,Feynman65,alpha
0.0,0.4318932932651125,1.0,1.0,Feynman65,alpha
0.0,0.9603347102167519,1.0,1.0,Feynman65,alpha
0.0,0.44434654510144167,1.0,1.0,Feynman65,alpha
0.0,0.22547136208116358,1.0,1.0,Feynman65,alpha
0.0,0.012796893925615449,1.0,1.0,Feynman65,alpha
0.0,0.399279974855556,1.0,1.0,Feynman65,alpha
0.0,0.46342029322238953,1.0,1.0,Feynman65,alpha
0.0,0.7617178882785578,1.0,1.0,Feynman65,alpha
0.0,0.6153245981216374,1.0,1.0,Feynman65,alpha
0.0,0.8909235476367261,1.0,1.0,Feynman65,alpha
0.0,0.5518315463890259,1.0,1.0,Feynman65,alpha
0.0,0.17144801576683766,1.0,1.0,Feynman65,alpha
0.0,0.4089057263898619,1.0,1.0,Feynman65,alpha
0.0,0.668420393377452,1.0,1.0,Feynman65,alpha
0.0,0.2063833173364985,1.0,1.0,Feynman65,alpha
0.0,0.694292297742208,1.0,1.0,Feynman65,alpha
0.0,0.9673912032547087,1.0,1.0,Feynman65,alpha
0.0,0.8031126165757038,1.0,1.0,Feynman65,alpha
0.0,0.7987707335858438,1.0,1.0,Feynman65,alpha
0.0,0.9810854393636326,1.0,1.0,Feynman65,alpha
0.0,0.04245784729363278,1.0,1.0,Feynman65,alpha
0.0,0.0463050451321253,1.0,1.0,Feynman65,alpha
0.0,0.8116796106728715,1.0,1.0,Feynman65,alpha
0.0,0.6184859946065896,1.0,1.0,Feynman65,alpha
0.0,0.9260805537332135,1.0,1.0,Feynman65,alpha
0.0,0.26576981060478355,1.0,1.0,Feynman65,alpha
0.0,0.42626698576103095,1.0,1.0,Feynman65,alpha
0.0,0.7922578632572358,1.0,1.0,Feynman65,alpha
0.0,0.838104371669284,1.0,1.0,Feynman65,alpha
0.0,0.30742444662037627,1.0,1.0,Feynman65,alpha
0.0,0.5212587232872594,1.0,1.0,Feynman65,alpha
0.0,0.5350193391354625,1.0,1.0,Feynman65,alpha
0.0,0.04042746923652818,1.0,1.0,Feynman65,alpha
0.0,0.8695054961388279,1.0,1.0,Feynman65,alpha
0.0,0.8150087504863078,1.0,1.0,Feynman65,alpha
0.0,0.39246426352483577,1.0,1.0,Feynman65,alpha
0.0,0.9634798016119974,1.0,1.0,Feynman65,alpha
0.0,0.35687374148927276,1.0,1.0,Feynman65,alpha
0.0,0.5428268124397633,1.0,1.0,Feynman65,alpha
0.0,0.8183824017895178,1.0,1.0,Feynman65,alpha
0.0,0.15739842589330766,1.0,1.0,Feynman65,alpha
0.0,0.18847210199041053,1.0,1.0,Feynman65,alpha
0.0,0.9232480882689826,1.0,1.0,Feynman65,alpha
0.0,0.9270533362558189,1.0,1.0,Feynman65,alpha
0.0,0.3289453321711924,1.0,1.0,Feynman65,alpha
0.0,0.8567082822627818,1.0,1.0,Feynman65,alpha
0.0,0.33906008150047895,1.0,1.0,Feynman65,alpha
0.0,0.4791588877011542,1.0,1.0,Feynman65,alpha
0.0,0.1898723055352345,1.0,1.0,Feynman65,alpha
0.0,0.9210169278953152,1.0,1.0,Feynman65,alpha
0.0,0.09346999219947738,1.0,1.0,Feynman65,alpha
0.0,0.45322705667990093,1.0,1.0,Feynman65,alpha
0.0,0.013858115432944018,1.0,1.0,Feynman65,alpha
0.0,0.22118699780777684,1.0,1.0,Feynman65,alpha
0.0,0.9629106964610151,1.0,1.0,Feynman65,alpha
0.0,0.10098937326459845,1.0,1.0,Feynman65,alpha
0.0,0.4097964759784466,1.0,1.0,Feynman65,alpha
0.0,0.6711398870280204,1.0,1.0,Feynman65,alpha
0.0,0.7514068699306689,1.0,1.0,Feynman65,alpha
0.0,0.9642215121766649,1.0,1.0,Feynman65,alpha
0.0,0.9343389442941679,1.0,1.0,Feynman65,alpha
0.0,0.654068872523723,1.0,1.0,Feynman65,alpha
0.0,0.9511304006813328,1.0,1.0,Feynman65,alpha
0.0,0.6520233691788903,1.0,1.0,Feynman65,alpha
0.0,0.10228156827150658,1.0,1.0,Feynman65,alpha
0.0,0.04432590666558189,1.0,1.0,Feynman65,alpha
0.0,0.40954623556281133,1.0,1.0,Feynman65,alpha
0.0,0.5723890844140918,1.0,1.0,Feynman65,alpha
0.0,0.44485196520553927,1.0,1.0,Feynman65,alpha
0.0,0.9771113118573873,1.0,1.0,Feynman65,alpha
0.0,0.45003507053000025,1.0,1.0,Feynman65,alpha
0.0,0.6106217305880662,1.0,1.0,Feynman65,alpha
0.0,0.5663269593096786,1.0,1.0,Feynman65,alpha
0.0,0.2933553795716526,1.0,1.0,Feynman65,alpha
0.0,0.8667146519542678,1.0,1.0,Feynman65,alpha
0.0,0.6048428554079635,1.0,1.0,Feynman65,alpha
0.0,0.9136640386118885,1.0,1.0,Feynman65,alpha
0.0,0.4024427832655443,1.0,1.0,Feynman65,alpha
0.0,0.6962577420542282,1.0,1.0,Feynman65,alpha
0.0,0.02237757105128857,1.0,1.0,Feynman65,alpha
0.0,0.8693904454946885,1.0,1.0,Feynman65,alpha
0.0,0.8478831234336586,1.0,1.0,Feynman65,alpha
0.0,0.5714684276521808,1.0,1.0,Feynman65,alpha
0.0,0.9514711875828825,1.0,1.0,Feynman65,alpha
0.0,0.8945785402883314,1.0,1.0,Feynman65,alpha
0.0,0.12823439007897397,1.0,1.0,Feynman65,alpha
0.0,0.10726828912392461,1.0,1.0,Feynman65,alpha
0.0,0.7173471731577352,1.0,1.0,Feynman65,alpha
0.0,0.9373766157028093,1.0,1.0,Feynman65,alpha
0.0,0.5311632677567413,1.0,1.0,Feynman65,alpha
0.0,0.3092870651933781,1.0,1.0,Feynman65,alpha
0.0,0.07703302711428273,1.0,1.0,Feynman65,alpha
0.0,0.1780737344679839,1.0,1.0,Feynman65,alpha
0.0,0.5101471730568847,1.0,1.0,Feynman65,alpha
0.0,0.4349822620489836,1.0,1.0,Feynman65,alpha
0.0,0.28867916773668145,1.0,1.0,Feynman65,alpha
0.0,0.01952600195938936,1.0,1.0,Feynman65,alpha
0.0,0.47466223631010873,1.0,1.0,Feynman65,alpha
0.0,0.6770012827023736,1.0,1.0,Feynman65,alpha
0.0,0.4085285620729643,1.0,1.0,Feynman65,alpha
0.0,0.6564210339154509,1.0,1.0,Feynman65,alpha
0.0,0.7406024361673343,1.0,1.0,Feynman65,alpha
0.0,0.005136749194361467,1.0,1.0,Feynman65,alpha
0.0,0.07938308475356859,1.0,1.0,Feynman65,alpha
0.0,0.4833298010881132,1.0,1.0,Feynman65,alpha
0.0,0.3134717366578913,1.0,1.0,Feynman65,alpha
0.0,0.22217869640127752,1.0,1.0,Feynman65,alpha
0.0,0.8264413885895155,1.0,1.0,Feynman65,alpha
0.0,0.1138024570091648,1.0,1.0,Feynman65,alpha
0.0,0.5093250423836715,1.0,1.0,Feynman65,alpha
0.0,0.7905604217896397,1.0,1.0,Feynman65,alpha
0.0,0.7560671233482962,1.0,1.0,Feynman65,alpha
0.0,0.4473079426074762,1.0,1.0,Feynman65,alpha
0.0,0.9966278611607773,1.0,1.0,Feynman65,alpha
0.0,0.63502017339657,1.0,1.0,Feynman65,alpha
0.0,0.37971506483387296,1.0,1.0,Feynman65,alpha
0.0,0.1265869375261649,1.0,1.0,Feynman65,alpha
0.0,0.05594853516149756,1.0,1.0,Feynman65,alpha
0.0,0.8608871058269572,1.0,1.0,Feynman65,alpha
0.0,0.6477847079673313,1.0,1.0,Feynman65,alpha
0.0,0.4245583197212398,1.0,1.0,Feynman65,alpha
0.0,0.3113378902667294,1.0,1.0,Feynman65,alpha
0.0,0.9620808198262176,1.0,1.0,Feynman65,alpha
0.0,0.17406453305728864,1.0,1.0,Feynman65,alpha
0.0,0.8232449131429898,1.0,1.0,Feynman65,alpha
0.0,0.25996338619080595,1.0,1.0,Feynman65,alpha
0.0,0.08700146282934373,1.0,1.0,Feynman65,alpha
0.0,0.8370689953262789,1.0,1.0,Feynman65,alpha
0.0,0.8929250473804806,1.0,1.0,Feynman65,alpha
0.0,0.9031086627132323,1.0,1.0,Feynman65,alpha
0.0,0.6706135357793273,1.0,1.0,Feynman65,alpha
0.0,0.7138709665826021,1.0,1.0,Feynman65,alpha
0.0,0.5741840470832886,1.0,1.0,Feynman65,alpha
0.0,0.5251229110861119,1.0,1.0,Feynman65,alpha
0.0,0.5114990028072911,1.0,1.0,Feynman65,alpha
0.0,0.9091630390834796,1.0,1.0,Feynman65,alpha
0.0,0.29611290039158644,1.0,1.0,Feynman65,alpha
0.0,0.5414946458567967,1.0,1.0,Feynman65,alpha
0.0,0.7745305058061922,1.0,1.0,Feynman65,alpha
0.0,0.30196551019511964,1.0,1.0,Feynman65,alpha
0.0,0.2827333240530372,1.0,1.0,Feynman65,alpha
0.0,0.1996467767810739,1.0,1.0,Feynman65,alpha
0.0,0.6305787065397555,1.0,1.0,Feynman65,alpha
0.0,0.5174256638934454,1.0,1.0,Feynman65,alpha
0.0,0.30288559488674005,1.0,1.0,Feynman65,alpha
0.0,0.07787255406732307,1.0,1.0,Feynman65,alpha
0.0,0.31947345564533725,1.0,1.0,Feynman65,alpha
0.0,0.15939108415074033,1.0,1.0,Feynman65,alpha
0.0,0.8223697634962281,1.0,1.0,Feynman65,alpha
0.0,0.1766859946602044,1.0,1.0,Feynman65,alpha
0.0,0.1259967277862265,1.0,1.0,Feynman65,alpha
0.0,0.9439380701017138,1.0,1.0,Feynman65,alpha
0.0,0.7380558204190267,1.0,1.0,Feynman65,alpha
0.0,0.12603306915249635,1.0,1.0,Feynman65,alpha
0.0,0.6688128151176976,1.0,1.0,Feynman65,alpha
0.0,0.7436487171467318,1.0,1.0,Feynman65,alpha
0.0,0.9155436481945718,1.0,1.0,Feynman65,alpha
0.0,0.6201576839294644,1.0,1.0,Feynman65,alpha
0.0,0.5562329471240852,1.0,1.0,Feynman65,alpha
0.0,0.6702849356172382,1.0,1.0,Feynman65,alpha
0.0,0.06951944559835355,1.0,1.0,Feynman65,alpha
0.0,0.36467628145486564,1.0,1.0,Feynman65,alpha
0.0,0.8911190213400905,1.0,1.0,Feynman65,alpha
0.0,0.9947111372752256,1.0,1.0,Feynman65,alpha
0.0,0.7617382045179965,1.0,1.0,Feynman65,alpha
0.0,0.5239210872519084,1.0,1.0,Feynman65,alpha
0.0,0.5149173364743658,1.0,1.0,Feynman65,alpha
0.0,0.10455961451325724,1.0,1.0,Feynman65,alpha
0.0,0.9338591959861736,1.0,1.0,Feynman65,alpha
0.0,0.8017962382546365,1.0,1.0,Feynman65,alpha
0.0,0.03570922394509768,1.0,1.0,Feynman65,alpha
0.0,0.17909356091559303,1.0,1.0,Feynman65,alpha
0.0,0.5128586253947657,1.0,1.0,Feynman65,alpha
0.0,0.9391634967894528,1.0,1.0,Feynman65,alpha
0.0,0.9268222042196349,1.0,1.0,Feynman65,alpha
0.0,0.6925016034449545,1.0,1.0,Feynman65,alpha
0.0,0.09501201420051131,1.0,1.0,Feynman65,alpha
0.0,0.11619810213456261,1.0,1.0,Feynman65,alpha
0.0,0.15845054673603498,1.0,1.0,Feynman65,alpha
0.0,0.775939752110051,1.0,1.0,Feynman65,alpha
0.0,0.12041902365602941,1.0,1.0,Feynman65,alpha
0.0,0.8704902906205216,1.0,1.0,Feynman65,alpha
0.0,0.42321775859011646,1.0,1.0,Feynman65,alpha
0.0,0.01789144735633308,1.0,1.0,Feynman65,alpha
0.0,0.25973110091173024,1.0,1.0,Feynman65,alpha
0.0,0.8242772439285215,1.0,1.0,Feynman65,alpha
0.0,0.2716974378868158,1.0,1.0,Feynman65,alpha
0.0,0.3043013586155521,1.0,1.0,Feynman65,alpha
0.0,0.8163068152062655,1.0,1.0,Feynman65,alpha
0.0,0.809813990373529,1.0,1.0,Feynman65,alpha
0.0,0.6595271059199302,1.0,1.0,Feynman65,alpha
0.0,0.678907096885678,1.0,1.0,Feynman65,alpha
0.0,0.872908602887553,1.0,1.0,Feynman65,alpha
0.0,0.644054656675987,1.0,1.0,Feynman65,alpha
0.0,0.4001329825964144,1.0,1.0,Feynman65,alpha
0.0,0.949080334006005,1.0,1.0,Feynman65,alpha
0.0,0.03570204934345855,1.0,1.0,Feynman65,alpha
0.0,0.20837964463125813,1.0,1.0,Feynman65,alpha
0.0,0.031753957141533284,1.0,1.0,Feynman65,alpha
0.0,0.4211676226185165,1.0,1.0,Feynman65,alpha
0.0,0.9576254593472878,1.0,1.0,Feynman65,alpha
0.0,0.8006048151188266,1.0,1.0,Feynman65,alpha
0.0,0.45779912441562265,1.0,1.0,Feynman65,alpha
0.0,0.43018246811694794,1.0,1.0,Feynman65,alpha
0.0,0.6873176895300226,1.0,1.0,Feynman65,alpha
0.0,0.3012134974722602,1.0,1.0,Feynman65,alpha
0.0,0.8446657654988992,1.0,1.0,Feynman65,alpha
0.0,0.9364640044455459,1.0,1.0,Feynman65,alpha
0.0,0.03674379815781259,1.0,1.0,Feynman65,alpha
0.0,0.20223888201065154,1.0,1.0,Feynman65,alpha
0.0,0.06170056499699683,1.0,1.0,Feynman65,alpha
0.0,0.09409850647190865,1.0,1.0,Feynman65,alpha
0.0,0.05686911222002167,1.0,1.0,Feynman65,alpha
0.0,0.007647821194166848,1.0,1.0,Feynman65,alpha
0.0,0.6404221103308146,1.0,1.0,Feynman65,alpha
0.0,0.8053632665848973,1.0,1.0,Feynman65,alpha
0.0,0.8049843045727211,1.0,1.0,Feynman65,alpha
0.0,0.09360250670836578,1.0,1.0,Feynman65,alpha
0.0,0.353311100049433,1.0,1.0,Feynman65,alpha
0.0,0.8328073560049392,1.0,1.0,Feynman65,alpha
0.0,0.5793025285342954,1.0,1.0,Feynman65,alpha
0.0,0.9390974214687507,1.0,1.0,Feynman65,alpha
0.0,0.23418644771692676,1.0,1.0,Feynman65,alpha
0.0,0.9865413897755027,1.0,1.0,Feynman65,alpha
0.0,0.820433652640939,1.0,1.0,Feynman65,alpha
0.0,0.8905494379942999,1.0,1.0,Feynman65,alpha
0.0,0.6874195331685065,1.0,1.0,Feynman65,alpha
0.0,0.6719693098444858,1.0,1.0,Feynman65,alpha
0.0,0.7066601437070833,1.0,1.0,Feynman65,alpha
0.0,0.021263988483885887,1.0,1.0,Feynman65,alpha
0.0,0.5594893901800313,1.0,1.0,Feynman65,alpha
0.0,0.613229686762297,1.0,1.0,Feynman65,alpha
0.0,0.8549526576141715,1.0,1.0,Feynman65,alpha
0.0,0.17296466349642725,1.0,1.0,Feynman65,alpha
0.0,0.10101552645872913,1.0,1.0,Feynman65,alpha
0.0,0.8803094402315744,1.0,1.0,Feynman65,alpha
0.0,0.4034308234220946,1.0,1.0,Feynman65,alpha
0.0,0.37378719263665217,1.0,1.0,Feynman65,alpha
0.0,0.968723754305848,1.0,1.0,Feynman65,alpha
0.0,0.545861239582372,1.0,1.0,Feynman65,alpha
0.0,0.29142049641963486,1.0,1.0,Feynman65,alpha
0.0,0.23097925666762997,1.0,1.0,Feynman65,alpha
0.0,0.6544294448216164,1.0,1.0,Feynman65,alpha
0.0,0.31029961451092314,1.0,1.0,Feynman65,alpha
0.0,0.5323442510971041,1.0,1.0,Feynman65,alpha
0.0,0.5015937453156467,1.0,1.0,Feynman65,alpha
0.0,0.6434368601164326,1.0,1.0,Feynman65,alpha
0.0,0.9860736532548914,1.0,1.0,Feynman65,alpha
0.0,0.1277837802674764,1.0,1.0,Feynman65,alpha
0.0,0.16014629247066325,1.0,1.0,Feynman65,alpha
0.0,0.07615311703576433,1.0,1.0,Feynman65,alpha
0.0,0.6936675733127247,1.0,1.0,Feynman65,alpha
0.0,0.8584218397752177,1.0,1.0,Feynman65,alpha
0.0,0.9343049809762289,1.0,1.0,Feynman65,alpha
0.0,0.11220909671076085,1.0,1.0,Feynman65,alpha
0.0,0.5493391940951695,1.0,1.0,Feynman65,alpha
0.0,0.47873718400038623,1.0,1.0,Feynman65,alpha
0.0,0.8589875424420849,1.0,1.0,Feynman65,alpha
0.0,0.3560626499363603,1.0,1.0,Feynman65,alpha
0.0,0.7886395234055439,1.0,1.0,Feynman65,alpha
0.0,0.12289860286371346,1.0,1.0,Feynman65,alpha
0.0,0.27090335237456264,1.0,1.0,Feynman65,alpha
0.0,0.07935491036298792,1.0,1.0,Feynman65,alpha
0.0,0.5240329258267151,1.0,1.0,Feynman65,alpha
0.0,0.5895827805341282,1.0,1.0,Feynman65,alpha
0.0,0.002695743082647084,1.0,1.0,Feynman65,alpha
0.0,0.5496330087728758,1.0,1.0,Feynman65,alpha
0.0,0.5767448619940148,1.0,1.0,Feynman65,alpha
0.0,0.12982151493776972,1.0,1.0,Feynman65,alpha
0.0,0.694363513988141,1.0,1.0,Feynman65,alpha
0.0,0.28909501136356464,1.0,1.0,Feynman65,alpha
0.0,0.31289967201992164,1.0,1.0,Feynman65,alpha
0.0,0.8901590447097993,1.0,1.0,Feynman65,alpha
0.0,0.4898836493312253,1.0,1.0,Feynman65,alpha
0.0,0.1793324668531,1.0,1.0,Feynman65,alpha
0.0,0.43827305835432206,1.0,1.0,Feynman65,alpha
0.0,0.32168005523744125,1.0,1.0,Feynman65,alpha
0.0,0.1349757225484456,1.0,1.0,Feynman65,alpha
0.0,0.7485781270403781,1.0,1.0,Feynman65,alpha
0.0,0.3924262479960313,1.0,1.0,Feynman65,alpha
0.0,0.05591789853416429,1.0,1.0,Feynman65,alpha
0.0,0.9107554368968287,1.0,1.0,Feynman65,alpha
0.0,0.2632268535037684,1.0,1.0,Feynman65,alpha
0.0,0.33575793957258826,1.0,1.0,Feynman65,alpha
0.0,0.7663983516202832,1.0,1.0,Feynman65,alpha
0.0,0.7316716446708826,1.0,1.0,Feynman65,alpha
0.0,0.7027516467374977,1.0,1.0,Feynman65,alpha
0.0,0.268673535406575,1.0,1.0,Feynman65,alpha
0.0,0.11139958771925706,1.0,1.0,Feynman65,alpha
0.0,0.9131168412897263,1.0,1.0,Feynman65,alpha
0.0,0.0515666934278558,1.0,1.0,Feynman65,alpha
0.0,0.6920254330281987,1.0,1.0,Feynman65,alpha
0.0,0.9787143908516793,1.0,1.0,Feynman65,alpha
0.0,0.8456991542399342,1.0,1.0,Feynman65,alpha
0.0,0.8964805496737134,1.0,1.0,Feynman65,alpha
0.0,0.9521990881784856,1.0,1.0,Feynman65,alpha
0.0,0.6899651012016997,1.0,1.0,Feynman65,alpha
0.0,0.2961468647348914,1.0,1.0,Feynman65,alpha
0.0,0.3821829493316582,1.0,1.0,Feynman65,alpha
0.0,0.8982617679816551,1.0,1.0,Feynman65,alpha
0.0,0.003191818367881849,1.0,1.0,Feynman65,alpha
0.0,0.8944935543658609,1.0,1.0,Feynman65,alpha
0.0,0.43230863586257984,1.0,1.0,Feynman65,alpha
0.0,0.2312334302459561,1.0,1.0,Feynman65,alpha
0.0,0.1319330782737539,1.0,1.0,Feynman65,alpha
0.0,0.24789122377204165,1.0,1.0,Feynman65,alpha
0.0,0.21030598571142434,1.0,1.0,Feynman65,alpha
0.0,0.4517819577131468,1.0,1.0,Feynman65,alpha
0.0,0.5315520352871231,1.0,1.0,Feynman65,alpha
0.0,0.7806604752181331,1.0,1.0,Feynman65,alpha
0.0,0.21172406260005072,1.0,1.0,Feynman65,alpha
0.0,0.693564051097983,1.0,1.0,Feynman65,alpha
0.0,0.0254002557365004,1.0,1.0,Feynman65,alpha
0.0,0.980713612532541,1.0,1.0,Feynman65,alpha
0.0,0.23789865303389168,1.0,1.0,Feynman65,alpha
0.0,0.08975884506366838,1.0,1.0,Feynman65,alpha
0.0,0.470716060387138,1.0,1.0,Feynman65,alpha
0.0,0.6100815041643356,1.0,1.0,Feynman65,alpha
0.0,0.9699471130965068,1.0,1.0,Feynman65,alpha
0.0,0.12430455443190835,1.0,1.0,Feynman65,alpha
0.0,0.8676269105465815,1.0,1.0,Feynman65,alpha
0.0,0.1744740675899883,1.0,1.0,Feynman65,alpha
0.0,0.5430679164147538,1.0,1.0,Feynman65,alpha
0.0,0.725302130259688,1.0,1.0,Feynman65,alpha
0.0,0.5831208624330982,1.0,1.0,Feynman65,alpha
0.0,0.44343835637332785,1.0,1.0,Feynman65,alpha
0.0,0.9617215351705423,1.0,1.0,Feynman65,alpha
0.0,0.9694369311014119,1.0,1.0,Feynman65,alpha
0.0,0.054900395907136246,1.0,1.0,Feynman65,alpha
0.0,0.08997862408197421,1.0,1.0,Feynman65,alpha
0.0,0.7522488715292636,1.0,1.0,Feynman65,alpha
0.0,0.15386009336521345,1.0,1.0,Feynman65,alpha
0.0,0.8286405048319181,1.0,1.0,Feynman65,alpha
0.0,0.7208037238097662,1.0,1.0,Feynman65,alpha
0.0,0.71900156727984,1.0,1.0,Feynman65,alpha
0.0,0.5433380304627614,1.0,1.0,Feynman65,alpha
0.0,0.8357255563643922,1.0,1.0,Feynman65,alpha
0.0,0.6012187361744473,1.0,1.0,Feynman65,alpha
0.0,0.4909392165988937,1.0,1.0,Feynman65,alpha
0.0,0.4375557470295678,1.0,1.0,Feynman65,alpha
0.0,0.3404877435386017,1.0,1.0,Feynman65,alpha
0.0,0.9488742933324664,1.0,1.0,Feynman65,alpha
0.0,0.4500703438488144,1.0,1.0,Feynman65,alpha
0.0,0.19041629789681502,1.0,1.0,Feynman65,alpha
0.0,0.5450088744654205,1.0,1.0,Feynman65,alpha
0.0,0.6513108602131866,1.0,1.0,Feynman65,alpha
0.0,0.5384264427823621,1.0,1.0,Feynman65,alpha
0.0,0.16718842996917826,1.0,1.0,Feynman65,alpha
0.0,0.41441225089277134,1.0,1.0,Feynman65,alpha
0.0,0.6387602596955199,1.0,1.0,Feynman65,alpha
0.0,0.3860395344987967,1.0,1.0,Feynman65,alpha
0.0,0.9979148809517848,1.0,1.0,Feynman65,alpha
0.0,0.7677865681712147,1.0,1.0,Feynman65,alpha
0.0,0.5955772023358842,1.0,1.0,Feynman65,alpha
0.0,0.9308804714543757,1.0,1.0,Feynman65,alpha
0.0,0.9237001768861844,1.0,1.0,Feynman65,alpha
0.0,0.41727466444762873,1.0,1.0,Feynman65,alpha
0.0,0.4770387965535594,1.0,1.0,Feynman65,alpha
0.0,0.9899055297888995,1.0,1.0,Feynman65,alpha
0.0,0.8275002711309521,1.0,1.0,Feynman65,alpha
0.0,0.6018692023420638,1.0,1.0,Feynman65,alpha
0.0,0.2622491628668433,1.0,1.0,Feynman65,alpha
0.0,0.8691021670748039,1.0,1.0,Feynman65,alpha
0.0,0.10613526094515524,1.0,1.0,Feynman65,alpha
0.0,0.15128142113471355,1.0,1.0,Feynman65,alpha
0.0,0.3547528431462629,1.0,1.0,Feynman65,alpha
0.0,0.8445037141979571,1.0,1.0,Feynman65,alpha
0.0,0.6125606961470849,1.0,1.0,Feynman65,alpha
0.0,0.6573295866895096,1.0,1.0,Feynman65,alpha
0.0,0.248064425699708,1.0,1.0,Feynman65,alpha
0.0,0.8302147878667259,1.0,1.0,Feynman65,alpha
0.0,0.4493562710406275,1.0,1.0,Feynman65,alpha
0.0,0.2536729528516869,1.0,1.0,Feynman65,alpha
0.0,0.07285165381208725,1.0,1.0,Feynman65,alpha
0.0,0.14967048812627537,1.0,1.0,Feynman65,alpha
0.0,0.9437025763491262,1.0,1.0,Feynman65,alpha
0.0,0.3384745659863255,1.0,1.0,Feynman65,alpha
0.0,0.8383650629015449,1.0,1.0,Feynman65,alpha
0.0,0.29948408522181336,1.0,1.0,Feynman65,alpha
0.0,0.8139342463203096,1.0,1.0,Feynman65,alpha
0.0,0.32983324401913505,1.0,1.0,Feynman65,alpha
0.0,0.02917062352797062,1.0,1.0,Feynman65,alpha
0.0,0.3583203059306844,1.0,1.0,Feynman65,alpha
0.0,0.7549224498037519,1.0,1.0,Feynman65,alpha
0.0,0.08556077762507308,1.0,1.0,Feynman65,alpha
0.0,0.33378627605024913,1.0,1.0,Feynman65,alpha
0.0,0.6050851249636828,1.0,1.0,Feynman65,alpha
0.0,0.6667232292616463,1.0,1.0,Feynman65,alpha
0.0,0.09293695677961589,1.0,1.0,Feynman65,alpha
0.0,0.8691861525626777,1.0,1.0,Feynman65,alpha
0.0,0.8234613975703946,1.0,1.0,Feynman65,alpha
0.0,0.014213425340946606,1.0,1.0,Feynman65,alpha
0.0,0.2784113970288584,1.0,1.0,Feynman65,alpha
0.0,0.8143901413709661,1.0,1.0,Feynman65,alpha
0.0,0.8143433607554948,1.0,1.0,Feynman65,alpha
0.0,0.5349943505469058,1.0,1.0,Feynman65,alpha
0.0,0.457221834439427,1.0,1.0,Feynman65,alpha
0.0,0.0331999431822495,1.0,1.0,Feynman65,alpha
0.0,0.6625490754634773,1.0,1.0,Feynman65,alpha
0.0,0.82329319233217,1.0,1.0,Feynman65,alpha
0.0,0.4055805200468644,1.0,1.0,Feynman65,alpha
0.0,0.7883252456477009,1.0,1.0,Feynman65,alpha
0.0,0.9849167310635167,1.0,1.0,Feynman65,alpha
0.0,0.1524181184160347,1.0,1.0,Feynman65,alpha
0.0,0.6499574706540961,1.0,1.0,Feynman65,alpha
0.0,0.11714240109445684,1.0,1.0,Feynman65,alpha
0.0,0.3871046313945682,1.0,1.0,Feynman65,alpha
0.0,0.45763913828949054,1.0,1.0,Feynman65,alpha
0.0,0.27306814297971704,1.0,1.0,Feynman65,alpha
0.0,0.42295097690975336,1.0,1.0,Feynman65,alpha
0.0,0.3304264309101319,1.0,1.0,Feynman65,alpha
0.0,0.1132200908920431,1.0,1.0,Feynman65,alpha
0.0,0.4372530391330389,1.0,1.0,Feynman65,alpha
0.0,0.7921726676740394,1.0,1.0,Feynman65,alpha
0.0,0.6113987349921642,1.0,1.0,Feynman65,alpha
0.0,0.38891858050569095,1.0,1.0,Feynman65,alpha
0.0,0.42847828029565627,1.0,1.0,Feynman65,alpha
0.0,0.606666182210862,1.0,1.0,Feynman65,alpha
0.0,0.7966923340443673,1.0,1.0,Feynman65,alpha
0.0,0.31940914377955687,1.0,1.0,Feynman65,alpha
0.0,0.8781291505481802,1.0,1.0,Feynman65,alpha
0.0,0.34149940087500374,1.0,1.0,Feynman65,alpha
0.0,0.5234377535868866,1.0,1.0,Feynman65,alpha
0.0,0.573879005026877,1.0,1.0,Feynman65,alpha
0.0,0.2836245920125652,1.0,1.0,Feynman65,alpha
0.0,0.3308659582232941,1.0,1.0,Feynman65,alpha
0.0,0.6115207725589381,1.0,1.0,Feynman65,alpha
0.0,0.908717784764679,1.0,1.0,Feynman65,alpha
0.0,0.3821393537115867,1.0,1.0,Feynman65,alpha
0.0,0.3961957521990078,1.0,1.0,Feynman65,alpha
0.0,0.4030439478348373,1.0,1.0,Feynman65,alpha
0.0,0.5139154283840406,1.0,1.0,Feynman65,alpha
0.0,0.9532882400271456,1.0,1.0,Feynman65,alpha
0.0,0.4309535464450994,1.0,1.0,Feynman65,alpha
0.0,0.6049179493921367,1.0,1.0,Feynman65,alpha
0.0,0.30425063453547574,1.0,1.0,Feynman65,alpha
0.0,0.03748985693010143,1.0,1.0,Feynman65,alpha
0.0,0.29612227731969765,1.0,1.0,Feynman65,alpha
0.0,0.6587725276358213,1.0,1.0,Feynman65,alpha
0.0,0.056306488254501796,1.0,1.0,Feynman65,alpha
0.0,0.664435915002832,1.0,1.0,Feynman65,alpha
0.0,0.8394266490198169,1.0,1.0,Feynman65,alpha
0.0,0.9799863826871009,1.0,1.0,Feynman65,alpha
0.0,0.3547694604353635,1.0,1.0,Feynman65,alpha
0.0,0.38075617313959154,1.0,1.0,Feynman65,alpha
0.0,0.6219238996510206,1.0,1.0,Feynman65,alpha
0.0,0.4903033956439802,1.0,1.0,Feynman65,alpha
0.0,0.7502651749700531,1.0,1.0,Feynman65,alpha
0.0,0.8872405691369468,1.0,1.0,Feynman65,alpha
0.0,0.19021463508815983,1.0,1.0,Feynman65,alpha
0.0,0.10858376565759587,1.0,1.0,Feynman65,alpha
0.0,0.5158344731539272,1.0,1.0,Feynman65,alpha
0.0,0.9658725267691944,1.0,1.0,Feynman65,alpha
0.0,0.9236480032532879,1.0,1.0,Feynman65,alpha
0.0,0.18128510029853806,1.0,1.0,Feynman65,alpha
0.0,0.13066117848486747,1.0,1.0,Feynman65,alpha
0.0,0.20883066035496067,1.0,1.0,Feynman65,alpha
0.0,0.5061631026904593,1.0,1.0,Feynman65,alpha
0.0,0.5374238036986968,1.0,1.0,Feynman65,alpha
0.0,0.876343706886169,1.0,1.0,Feynman65,alpha
0.0,0.037995341394489124,1.0,1.0,Feynman65,alpha
0.0,0.5126424138328198,1.0,1.0,Feynman65,alpha
0.0,0.9520969400633649,1.0,1.0,Feynman65,alpha
0.0,0.39588106834947134,1.0,1.0,Feynman65,alpha
0.0,0.9916981810157002,1.0,1.0,Feynman65,alpha
0.0,0.06980525661406611,1.0,1.0,Feynman65,alpha
0.0,0.8017484965109507,1.0,1.0,Feynman65,alpha
0.0,0.41382375080706035,1.0,1.0,Feynman65,alpha
0.0,0.2662299884113811,1.0,1.0,Feynman65,alpha
0.0,0.17856038805829866,1.0,1.0,Feynman65,alpha
0.0,0.6140106260589228,1.0,1.0,Feynman65,alpha
0.0,0.22548161042385229,1.0,1.0,Feynman65,alpha
0.0,0.8700131806924921,1.0,1.0,Feynman65,alpha
0.0,0.8490399376470974,1.0,1.0,Feynman65,alpha
0.0,0.9520902254284277,1.0,1.0,Feynman65,alpha
0.0,0.7074564791985377,1.0,1.0,Feynman65,alpha
0.0,0.9257917966075745,1.0,1.0,Feynman65,alpha
0.0,0.35026848085126017,1.0,1.0,Feynman65,alpha
0.0,0.4921303042878624,1.0,1.0,Feynman65,alpha
0.0,0.7189733298456604,1.0,1.0,Feynman65,alpha
0.0,0.03566352350443969,1.0,1.0,Feynman65,alpha
0.0,0.6891984920372687,1.0,1.0,Feynman65,alpha
0.0,0.4596397427488441,1.0,1.0,Feynman65,alpha
0.0,0.08407527306837081,1.0,1.0,Feynman65,alpha
0.0,0.6068497184496092,1.0,1.0,Feynman65,alpha
0.0,0.8780896607876016,1.0,1.0,Feynman65,alpha
0.0,0.5327560703096509,1.0,1.0,Feynman65,alpha
0.0,0.7114134529480153,1.0,1.0,Feynman65,alpha
0.0,0.6281977851017826,1.0,1.0,Feynman65,alpha
0.0,0.7900474077168634,1.0,1.0,Feynman65,alpha
0.0,0.912346082082043,1.0,1.0,Feynman65,alpha
0.0,0.6385242116776849,1.0,1.0,Feynman65,alpha
0.0,0.579469496216548,1.0,1.0,Feynman65,alpha
0.0,0.027158075552069838,1.0,1.0,Feynman65,alpha
0.0,0.4143577930117647,1.0,1.0,Feynman65,alpha
0.0,0.4425505107320482,1.0,1.0,Feynman65,alpha
0.0,0.45364969241451447,1.0,1.0,Feynman65,alpha
0.0,0.19037187722845272,1.0,1.0,Feynman65,alpha
0.0,0.6084903810726008,1.0,1.0,Feynman65,alpha
0.0,0.2624357506045929,1.0,1.0,Feynman65,alpha
0.0,0.9097616564864803,1.0,1.0,Feynman65,alpha
0.0,0.2781915803342332,1.0,1.0,Feynman65,alpha
0.0,0.3766778742000696,1.0,1.0,Feynman65,alpha
0.0,0.8135925735171733,1.0,1.0,Feynman65,alpha
0.0,0.039099868537003424,1.0,1.0,Feynman65,alpha
0.0,0.6305721530446238,1.0,1.0,Feynman65,alpha
0.0,0.8643698059578192,1.0,1.0,Feynman65,alpha
0.0,0.8558402327322701,1.0,1.0,Feynman65,alpha
0.0,0.8618934598149726,1.0,1.0,Feynman65,alpha
0.0,0.3156571308273636,1.0,1.0,Feynman65,alpha
0.0,0.8321689310788597,1.0,1.0,Feynman65,alpha
0.0,0.07143229649608529,1.0,1.0,Feynman65,alpha
0.0,0.01583028891846683,1.0,1.0,Feynman65,alpha
0.0,0.5251833555058188,1.0,1.0,Feynman65,alpha
0.0,0.45534321794448596,1.0,1.0,Feynman65,alpha
0.0,0.510891743889995,1.0,1.0,Feynman65,alpha
0.0,0.5238327086175324,1.0,1.0,Feynman65,alpha
0.0,0.07975671996437828,1.0,1.0,Feynman65,alpha
0.0,0.07263825647322963,1.0,1.0,Feynman65,alpha
0.0,0.8177099966722446,1.0,1.0,Feynman65,alpha
0.0,0.6640522361284058,1.0,1.0,Feynman65,alpha
0.0,0.058896950436200024,1.0,1.0,Feynman65,alpha
0.0,0.09447329993756315,1.0,1.0,Feynman65,alpha
0.0,0.9346729838975559,1.0,1.0,Feynman65,alpha
0.0,0.39390136997385194,1.0,1.0,Feynman65,alpha
0.0,0.03065365035848766,1.0,1.0,Feynman65,alpha
0.0,0.8658430515715662,1.0,1.0,Feynman65,alpha
0.0,0.4574803723758326,1.0,1.0,Feynman65,alpha
0.0,0.8067571074068166,1.0,1.0,Feynman65,alpha
0.0,0.6280879112783273,1.0,1.0,Feynman65,alpha
0.0,0.6446794632375301,1.0,1.0,Feynman65,alpha
0.0,0.5938979386186762,1.0,1.0,Feynman65,alpha
0.0,0.0271520945779673,1.0,1.0,Feynman65,alpha
0.0,0.8520568968692872,1.0,1.0,Feynman65,alpha
0.0,0.8603624749655738,1.0,1.0,Feynman65,alpha
0.0,0.457259163273784,1.0,1.0,Feynman65,alpha
0.0,0.7208028925283522,1.0,1.0,Feynman65,alpha
0.0,0.4296780598266602,1.0,1.0,Feynman65,alpha
0.0,0.01029696619536602,1.0,1.0,Feynman65,alpha
0.0,0.4904251885130123,1.0,1.0,Feynman65,alpha
0.0,0.192088441765226,1.0,1.0,Feynman65,alpha
0.0,0.5713196912053289,1.0,1.0,Feynman65,alpha
0.0,0.8436010849144148,1.0,1.0,Feynman65,alpha
0.0,0.21294627998231785,1.0,1.0,Feynman65,alpha
0.0,0.9872355202984856,1.0,1.0,Feynman65,alpha
0.0,0.5435868466366652,1.0,1.0,Feynman65,alpha
0.0,0.3016305461904425,1.0,1.0,Feynman65,alpha
0.0,0.05435188902767407,1.0,1.0,Feynman65,alpha
0.0,0.0474463652197219,1.0,1.0,Feynman65,alpha
0.0,0.8973299101487566,1.0,1.0,Feynman65,alpha
0.0,0.46063793928387364,1.0,1.0,Feynman65,alpha
0.0,0.2555147319824478,1.0,1.0,Feynman65,alpha
0.0,0.20921394555527917,1.0,1.0,Feynman65,alpha
0.0,0.6496923884195097,1.0,1.0,Feynman65,alpha
0.0,0.47287934630463213,1.0,1.0,Feynman65,alpha
0.0,0.9625910008017341,1.0,1.0,Feynman65,alpha
0.0,0.6582754388667821,1.0,1.0,Feynman65,alpha
0.0,0.6535877170142798,1.0,1.0,Feynman65,alpha
0.0,0.8742407124432542,1.0,1.0,Feynman65,alpha
0.0,0.1828579681931033,1.0,1.0,Feynman65,alpha
0.0,0.8774272776223686,1.0,1.0,Feynman65,alpha
0.0,0.46742032744988304,1.0,1.0,Feynman65,alpha
0.0,0.5158095131716763,1.0,1.0,Feynman65,alpha
0.0,0.5525378277907104,1.0,1.0,Feynman65,alpha
0.0,0.5223946213537244,1.0,1.0,Feynman65,alpha
0.0,0.3042601059980864,1.0,1.0,Feynman65,alpha
0.0,0.6676610602135018,1.0,1.0,Feynman65,alpha
0.0,0.31619407139059197,1.0,1.0,Feynman65,alpha
0.0,0.7905304972921265,1.0,1.0,Feynman65,alpha
0.0,0.16918483117579608,1.0,1.0,Feynman65,alpha
0.0,0.881415576930459,1.0,1.0,Feynman65,alpha
0.0,0.5670944773113654,1.0,1.0,Feynman65,alpha
0.0,0.42554544214436907,1.0,1.0,Feynman65,alpha
0.0,0.6145317217157206,1.0,1.0,Feynman65,alpha
0.0,0.4962657557154855,1.0,1.0,Feynman65,alpha
0.0,0.8380170149804502,1.0,1.0,Feynman65,alpha
0.0,0.02129154679259171,1.0,1.0,Feynman65,alpha
0.0,0.7784177077359906,1.0,1.0,Feynman65,alpha
0.0,0.9402092104316555,1.0,1.0,Feynman65,alpha
0.0,0.4083803052039727,1.0,1.0,Feynman65,alpha
0.0,0.5512303661328594,1.0,1.0,Feynman65,alpha
0.0,0.196232565286091,1.0,1.0,Feynman65,alpha
0.0,0.4414107881891106,1.0,1.0,Feynman65,alpha
0.0,0.13341440345660105,1.0,1.0,Feynman65,alpha
0.0,0.441756129473863,1.0,1.0,Feynman65,alpha
0.0,0.3511181712850089,1.0,1.0,Feynman65,alpha
0.0,0.2537532621225309,1.0,1.0,Feynman65,alpha
0.0,5.181394139730511e-05,1.0,1.0,Feynman65,alpha
0.0,0.0845399891764832,1.0,1.0,Feynman65,alpha
0.0,0.6492828332916699,1.0,1.0,Feynman65,alpha
0.0,0.8091053935759469,1.0,1.0,Feynman65,alpha
0.0,0.14056838289737672,1.0,1.0,Feynman65,alpha
0.0,0.5416651736806855,1.0,1.0,Feynman65,alpha
0.0,0.4081484288467476,1.0,1.0,Feynman65,alpha
0.0,0.797736067465202,1.0,1.0,Feynman65,alpha
0.0,0.09829425169684292,1.0,1.0,Feynman65,alpha
0.0,0.41237141552674017,1.0,1.0,Feynman65,alpha
0.0,0.2072372698003614,1.0,1.0,Feynman65,alpha
0.0,0.8190083812798177,1.0,1.0,Feynman65,alpha
0.0,0.2696897725900732,1.0,1.0,Feynman65,alpha
0.0,0.613750345218113,1.0,1.0,Feynman65,alpha
0.0,0.7902455155170965,1.0,1.0,Feynman65,alpha
0.0,0.5392501590078093,1.0,1.0,Feynman65,alpha
0.0,0.08414935973460136,1.0,1.0,Feynman65,alpha
0.0,0.07481771678145299,1.0,1.0,Feynman65,alpha
0.0,0.3880055629629364,1.0,1.0,Feynman65,alpha
0.0,0.6211273656968054,1.0,1.0,Feynman65,alpha
0.0,0.298396376565508,1.0,1.0,Feynman65,alpha
0.0,0.05459815672446555,1.0,1.0,Feynman65,alpha
0.0,0.07754872060828988,1.0,1.0,Feynman65,alpha
0.0,0.8889830269665889,1.0,1.0,Feynman65,alpha
0.0,0.9220187086540246,1.0,1.0,Feynman65,alpha
0.0,0.9699347540256462,1.0,1.0,Feynman65,alpha
0.0,0.3476546244406782,1.0,1.0,Feynman65,alpha
0.0,0.20928266932682882,1.0,1.0,Feynman65,alpha
0.0,0.9811625948471743,1.0,1.0,Feynman65,alpha
0.0,0.5630750665897267,1.0,1.0,Feynman65,alpha
0.0,0.23416270547690254,1.0,1.0,Feynman65,alpha
0.0,0.5446293580148752,1.0,1.0,Feynman65,alpha
0.0,0.32704722571079303,1.0,1.0,Feynman65,alpha
0.0,0.9675399556581442,1.0,1.0,Feynman65,alpha
0.0,0.33861692230682017,1.0,1.0,Feynman65,alpha
0.0,0.9156844777527458,1.0,1.0,Feynman65,alpha
0.0,0.6316899836428459,1.0,1.0,Feynman65,alpha
0.0,0.4681719150734899,1.0,1.0,Feynman65,alpha
0.0,0.24631948900399014,1.0,1.0,Feynman65,alpha
0.0,0.8227393309670857,1.0,1.0,Feynman65,alpha
0.0,0.8023387678954038,1.0,1.0,Feynman65,alpha
0.0,0.9368123716372974,1.0,1.0,Feynman65,alpha
0.0,0.9048839174846799,1.0,1.0,Feynman65,alpha
0.0,0.7173938572152849,1.0,1.0,Feynman65,alpha
0.0,0.8215330739074783,1.0,1.0,Feynman65,alpha
0.0,0.04466483429978374,1.0,1.0,Feynman65,alpha
0.0,0.49190394706793295,1.0,1.0,Feynman65,alpha
0.0,0.4379045490182535,1.0,1.0,Feynman65,alpha
0.0,0.4628525084686339,1.0,1.0,Feynman65,alpha
0.0,0.9683803484223618,1.0,1.0,Feynman65,alpha
0.0,0.5865607729360992,1.0,1.0,Feynman65,alpha
0.0,0.9834750784061259,1.0,1.0,Feynman65,alpha
0.0,0.22783222582380358,1.0,1.0,Feynman65,alpha
0.0,0.5936962425745859,1.0,1.0,Feynman65,alpha
0.0,0.1172039992225723,1.0,1.0,Feynman65,alpha
0.0,0.165420189268769,1.0,1.0,Feynman65,alpha
0.0,0.9674117015772643,1.0,1.0,Feynman65,alpha
0.0,0.474773200464633,1.0,1.0,Feynman65,alpha
0.0,0.48777303387825033,1.0,1.0,Feynman65,alpha
0.0,0.20629132786586524,1.0,1.0,Feynman65,alpha
0.0,0.4612856415759482,1.0,1.0,Feynman65,alpha
0.0,0.7067326594922776,1.0,1.0,Feynman65,alpha
0.0,0.6661666690360654,1.0,1.0,Feynman65,alpha
0.0,0.7238840139481224,1.0,1.0,Feynman65,alpha
0.0,0.30800652933461037,1.0,1.0,Feynman65,alpha
0.0,0.411623263417366,1.0,1.0,Feynman65,alpha
0.0,0.6371066005493778,1.0,1.0,Feynman65,alpha
0.0,0.12923446368574887,1.0,1.0,Feynman65,alpha
0.0,0.8722437562933678,1.0,1.0,Feynman65,alpha
0.0,0.6811349583600681,1.0,1.0,Feynman65,alpha
0.0,0.1281230016302618,1.0,1.0,Feynman65,alpha
0.0,0.5500041170612588,1.0,1.0,Feynman65,alpha
0.0,0.4743405259227176,1.0,1.0,Feynman65,alpha
0.0,0.11556116878965306,1.0,1.0,Feynman65,alpha
0.0,0.5365605561899128,1.0,1.0,Feynman65,alpha
0.0,0.47237755616524213,1.0,1.0,Feynman65,alpha
0.0,0.25714084448138985,1.0,1.0,Feynman65,alpha
0.0,0.7478516516123607,1.0,1.0,Feynman65,alpha
0.0,0.33218423314105916,1.0,1.0,Feynman65,alpha
0.0,0.19000027314395895,1.0,1.0,Feynman65,alpha
0.0,0.918759392076655,1.0,1.0,Feynman65,alpha
0.0,0.35579787779601924,1.0,1.0,Feynman65,alpha
0.0,0.8764308979226876,1.0,1.0,Feynman65,alpha
0.0,0.7214336278256984,1.0,1.0,Feynman65,alpha
0.0,0.2120275200611016,1.0,1.0,Feynman65,alpha
0.0,0.6506386967791383,1.0,1.0,Feynman65,alpha
0.0,0.16364640086205562,1.0,1.0,Feynman65,alpha
0.0,0.5109609203983512,1.0,1.0,Feynman65,alpha
0.0,0.17624052893213893,1.0,1.0,Feynman65,alpha
0.0,0.8603360653332643,1.0,1.0,Feynman65,alpha
0.0,0.36713749095334425,1.0,1.0,Feynman65,alpha
0.0,0.8108365333441316,1.0,1.0,Feynman65,alpha
0.0,0.8368410880199548,1.0,1.0,Feynman65,alpha
0.0,0.06786333170770831,1.0,1.0,Feynman65,alpha
0.0,0.4927011843888198,1.0,1.0,Feynman65,alpha
0.0,0.4503643637204249,1.0,1.0,Feynman65,alpha
0.0,0.2550511650494308,1.0,1.0,Feynman65,alpha
0.0,0.8380467067448054,1.0,1.0,Feynman65,alpha
0.0,0.8023836261587033,1.0,1.0,Feynman65,alpha
0.0,0.2705452722192949,1.0,1.0,Feynman65,alpha
0.0,0.9794794166965739,1.0,1.0,Feynman65,alpha
0.0,0.6557157838051073,1.0,1.0,Feynman65,alpha
0.0,0.8118506128891047,1.0,1.0,Feynman65,alpha
0.0,0.44578792920143606,1.0,1.0,Feynman65,alpha
0.0,0.18219753153251983,1.0,1.0,Feynman65,alpha
0.0,0.8074397237385625,1.0,1.0,Feynman65,alpha
0.0,0.9894711898910361,1.0,1.0,Feynman65,alpha
0.0,0.7840666091714736,1.0,1.0,Feynman65,alpha
0.0,0.6605286941857244,1.0,1.0,Feynman65,alpha
0.0,0.38582943017630755,1.0,1.0,Feynman65,alpha
0.0,0.6883511124274538,1.0,1.0,Feynman65,alpha
0.0,0.534437679036102,1.0,1.0,Feynman65,alpha
0.0,0.23203606513590036,1.0,1.0,Feynman65,alpha
0.0,0.22717685666872556,1.0,1.0,Feynman65,alpha
0.0,0.2865137072908688,1.0,1.0,Feynman65,alpha
0.0,0.1567468053304445,1.0,1.0,Feynman65,alpha
0.0,0.7572819116488466,1.0,1.0,Feynman65,alpha
0.0,0.6181965446876101,1.0,1.0,Feynman65,alpha
0.0,0.7263990052787364,1.0,1.0,Feynman65,alpha
0.0,0.08653832177212561,1.0,1.0,Feynman65,alpha
0.0,0.31758324103902613,1.0,1.0,Feynman65,alpha
0.0,0.7000380192784807,1.0,1.0,Feynman65,alpha
0.0,0.18648592900993421,1.0,1.0,Feynman65,alpha
0.0,0.817654211376469,1.0,1.0,Feynman65,alpha
0.0,0.559725905095487,1.0,1.0,Feynman65,alpha
0.0,0.4552281954940224,1.0,1.0,Feynman65,alpha
0.0,0.7543818718431679,1.0,1.0,Feynman65,alpha
0.0,0.31121981912232977,1.0,1.0,Feynman65,alpha
0.0,0.7956897555488651,1.0,1.0,Feynman65,alpha
0.0,0.5077336260506627,1.0,1.0,Feynman65,alpha
0.0,0.007363957640316943,1.0,1.0,Feynman65,alpha
0.0,0.3061997272309298,1.0,1.0,Feynman65,alpha
0.0,0.9248464234486566,1.0,1.0,Feynman65,alpha
0.0,0.7520851216469356,1.0,1.0,Feynman65,alpha
0.0,0.6206454196330615,1.0,1.0,Feynman65,alpha
0.0,0.23299646715102318,1.0,1.0,Feynman65,alpha
0.0,0.29655325046260517,1.0,1.0,Feynman65,alpha
0.0,0.9492358970107705,1.0,1.0,Feynman65,alpha
0.0,0.7528135011025665,1.0,1.0,Feynman65,alpha
0.0,0.8243148018481767,1.0,1.0,Feynman65,alpha
0.0,0.27988772908604787,1.0,1.0,Feynman65,alpha
0.0,0.19370625436888123,1.0,1.0,Feynman65,alpha
0.0,0.022816577094102453,1.0,1.0,Feynman65,alpha
0.0,0.9080795283640096,1.0,1.0,Feynman65,alpha
0.0,0.9062284970505381,1.0,1.0,Feynman65,alpha
0.0,0.6466968186239326,1.0,1.0,Feynman65,alpha
0.0,0.23448562262921357,1.0,1.0,Feynman65,alpha
0.0,0.997958785951541,1.0,1.0,Feynman65,alpha
0.0,0.5698496462167776,1.0,1.0,Feynman65,alpha
0.0,0.12889067394740406,1.0,1.0,Feynman65,alpha
0.0,0.2679414498987651,1.0,1.0,Feynman65,alpha
0.0,0.0412439119410174,1.0,1.0,Feynman65,alpha
0.0,0.3554797010818932,1.0,1.0,Feynman65,alpha
0.0,0.055358628144900224,1.0,1.0,Feynman65,alpha
0.0,0.5745723689258014,1.0,1.0,Feynman65,alpha
0.0,0.26159222181611086,1.0,1.0,Feynman65,alpha
0.0,0.6285569893361653,1.0,1.0,Feynman65,alpha
0.0,0.3005682560907671,1.0,1.0,Feynman65,alpha
0.0,0.5733335337727463,1.0,1.0,Feynman65,alpha
0.0,0.8981889496179195,1.0,1.0,Feynman65,alpha
0.0,0.4571683067842278,1.0,1.0,Feynman65,alpha
0.0,0.9425628987332008,1.0,1.0,Feynman65,alpha
0.0,0.9757981608739192,1.0,1.0,Feynman65,alpha
0.0,0.4839592487034522,1.0,1.0,Feynman65,alpha
0.0,0.9183690543746063,1.0,1.0,Feynman65,alpha
0.0,0.9335457100868605,1.0,1.0,Feynman65,alpha
0.0,0.19149082818296048,1.0,1.0,Feynman65,alpha
0.0,0.911011680731988,1.0,1.0,Feynman65,alpha
0.0,0.18622076790248343,1.0,1.0,Feynman65,alpha
0.0,0.2219309312459501,1.0,1.0,Feynman65,alpha
0.0,0.6789946197482309,1.0,1.0,Feynman65,alpha
0.0,0.42667735866891177,1.0,1.0,Feynman65,alpha
0.0,0.730016000286866,1.0,1.0,Feynman65,alpha
0.0,0.6908168920338221,1.0,1.0,Feynman65,alpha
0.0,0.9313703111681927,1.0,1.0,Feynman65,alpha
0.0,0.9034868812667114,1.0,1.0,Feynman65,alpha
0.0,0.6013011319322747,1.0,1.0,Feynman65,alpha
0.0,0.5031937215214651,1.0,1.0,Feynman65,alpha
0.0,0.8885310831641925,1.0,1.0,Feynman65,alpha
0.0,0.01349384001571996,1.0,1.0,Feynman65,alpha
0.0,0.7760996296945514,1.0,1.0,Feynman65,alpha
0.0,0.3074867201306567,1.0,1.0,Feynman65,alpha
0.0,0.310234461239699,1.0,1.0,Feynman65,alpha
0.0,0.6114346386770111,1.0,1.0,Feynman65,alpha
0.0,0.43906673399974394,1.0,1.0,Feynman65,alpha
0.0,0.9895378498347476,1.0,1.0,Feynman65,alpha
0.0,0.2994368617028157,1.0,1.0,Feynman65,alpha
0.0,0.4759207788776638,1.0,1.0,Feynman65,alpha
0.0,0.3282047230694868,1.0,1.0,Feynman65,alpha
0.0,0.5635314453536472,1.0,1.0,Feynman65,alpha
0.0,0.7301504810638378,1.0,1.0,Feynman65,alpha
0.0,0.2654703829242898,1.0,1.0,Feynman65,alpha
0.0,0.08729241062596027,1.0,1.0,Feynman65,alpha
0.0,0.6071400426001826,1.0,1.0,Feynman65,alpha
0.0,0.6643019842322166,1.0,1.0,Feynman65,alpha
0.0,0.5097179808555188,1.0,1.0,Feynman65,alpha
0.0,0.7743370216056248,1.0,1.0,Feynman65,alpha
0.0,0.513554237399027,1.0,1.0,Feynman65,alpha
0.0,0.9124360760002749,1.0,1.0,Feynman65,alpha
0.0,0.9828596487459271,1.0,1.0,Feynman65,alpha
0.0,0.972741296546749,1.0,1.0,Feynman65,alpha
0.0,0.0335522311924924,1.0,1.0,Feynman65,alpha
0.0,0.4084672330165424,1.0,1.0,Feynman65,alpha
0.0,0.29637797267444843,1.0,1.0,Feynman65,alpha
0.0,0.5583685983060278,1.0,1.0,Feynman65,alpha
0.0,0.1448076440326479,1.0,1.0,Feynman65,alpha
0.0,0.48584314230186765,1.0,1.0,Feynman65,alpha
0.0,0.9939023747957106,1.0,1.0,Feynman65,alpha
0.0,0.15472659193145855,1.0,1.0,Feynman65,alpha
0.0,0.9660579373391609,1.0,1.0,Feynman65,alpha
0.0,0.9757978454477907,1.0,1.0,Feynman65,alpha
0.0,0.6758869139697897,1.0,1.0,Feynman65,alpha
0.0,0.506967451792576,1.0,1.0,Feynman65,alpha
0.0,0.18394634445924518,1.0,1.0,Feynman65,alpha
0.0,0.30261299933561236,1.0,1.0,Feynman65,alpha
0.0,0.9080106567918719,1.0,1.0,Feynman65,alpha
0.0,0.9250344883209191,1.0,1.0,Feynman65,alpha
0.0,0.9594789631362348,1.0,1.0,Feynman65,alpha
0.0,0.6554978917135843,1.0,1.0,Feynman65,alpha
0.0,0.9235659430750134,1.0,1.0,Feynman65,alpha
0.0,0.6347859972464615,1.0,1.0,Feynman65,alpha
0.0,0.1716070214341301,1.0,1.0,Feynman65,alpha
0.0,0.7770164775059304,1.0,1.0,Feynman65,alpha
0.0,0.4444169459653978,1.0,1.0,Feynman65,alpha
0.0,0.5100800977675913,1.0,1.0,Feynman65,alpha
0.0,0.5697621840730432,1.0,1.0,Feynman65,alpha
0.0,0.4270445534764793,1.0,1.0,Feynman65,alpha
0.0,0.09965631576366762,1.0,1.0,Feynman65,alpha
0.0,0.1325082535254929,1.0,1.0,Feynman65,alpha
0.0,0.03353835014285966,1.0,1.0,Feynman65,alpha
0.0,0.7845852017789126,1.0,1.0,Feynman65,alpha
0.0,0.7313087053064116,1.0,1.0,Feynman65,alpha
0.0,0.42005622585606395,1.0,1.0,Feynman65,alpha
0.0,0.7266545429854434,1.0,1.0,Feynman65,alpha
0.0,0.7249129711735549,1.0,1.0,Feynman65,alpha
0.0,0.6209425788401501,1.0,1.0,Feynman65,alpha
0.0,0.8576568192595607,1.0,1.0,Feynman65,alpha
0.0,0.20954253273264045,1.0,1.0,Feynman65,alpha
0.0,0.8416252151786934,1.0,1.0,Feynman65,alpha
0.0,0.26003082278210055,1.0,1.0,Feynman65,alpha
0.0,0.12307122904366208,1.0,1.0,Feynman65,alpha
0.0,0.41222250535305516,1.0,1.0,Feynman65,alpha
0.0,0.6541981960602311,1.0,1.0,Feynman65,alpha
0.0,0.03861394316647915,1.0,1.0,Feynman65,alpha
0.0,0.7957364052822278,1.0,1.0,Feynman65,alpha
0.0,0.8744141879845778,1.0,1.0,Feynman65,alpha
0.0,0.20640940056615054,1.0,1.0,Feynman65,alpha
0.0,0.805251399665464,1.0,1.0,Feynman65,alpha
0.0,0.6505117679185302,1.0,1.0,Feynman65,alpha
0.0,0.5282978256871089,1.0,1.0,Feynman65,alpha
0.0,0.21793716112812445,1.0,1.0,Feynman65,alpha
0.0,0.7852922504574542,1.0,1.0,Feynman65,alpha
0.0,0.9509641679620613,1.0,1.0,Feynman65,alpha
0.0,0.18345974409518495,1.0,1.0,Feynman65,alpha
0.0,0.22531061503880534,1.0,1.0,Feynman65,alpha
0.0,0.12408333233496227,1.0,1.0,Feynman65,alpha
0.0,0.1716738920888723,1.0,1.0,Feynman65,alpha
0.0,0.10209644856406264,1.0,1.0,Feynman65,alpha
0.0,0.8175185256364595,1.0,1.0,Feynman65,alpha
0.0,0.004478208302146625,1.0,1.0,Feynman65,alpha
0.0,0.9647537084453284,1.0,1.0,Feynman65,alpha
0.0,0.7394402700136707,1.0,1.0,Feynman65,alpha
0.0,0.18643190594551806,1.0,1.0,Feynman65,alpha
0.0,0.24750963601039577,1.0,1.0,Feynman65,alpha
0.0,0.35672315204783034,1.0,1.0,Feynman65,alpha
0.0,0.7359553342901106,1.0,1.0,Feynman65,alpha
0.0,0.020841084344268457,1.0,1.0,Feynman65,alpha
0.0,0.7384755184941589,1.0,1.0,Feynman65,alpha
0.0,0.24754127485416588,1.0,1.0,Feynman65,alpha
0.0,0.40634171262624386,1.0,1.0,Feynman65,alpha
0.0,0.8534097471477587,1.0,1.0,Feynman65,alpha
0.0,0.21382875556239445,1.0,1.0,Feynman65,alpha
0.0,0.865040578923997,1.0,1.0,Feynman65,alpha
0.0,0.9608907155604272,1.0,1.0,Feynman65,alpha
0.0,0.1790165498522881,1.0,1.0,Feynman65,alpha
0.0,0.13609688459189617,1.0,1.0,Feynman65,alpha
0.0,0.14846936050245252,1.0,1.0,Feynman65,alpha
0.0,0.4888061569773675,1.0,1.0,Feynman65,alpha
0.0,0.20322824262125205,1.0,1.0,Feynman65,alpha
0.0,0.9365216053295855,1.0,1.0,Feynman65,alpha
0.0,0.9511534319352803,1.0,1.0,Feynman65,alpha
0.0,0.6084996510996267,1.0,1.0,Feynman65,alpha
0.0,0.04348358646070216,1.0,1.0,Feynman65,alpha
0.0,0.13699221252369864,1.0,1.0,Feynman65,alpha
0.0,0.5999197479553845,1.0,1.0,Feynman65,alpha
0.0,0.5038378189495921,1.0,1.0,Feynman65,alpha
0.0,0.6629792652018397,1.0,1.0,Feynman65,alpha
0.0,0.14615641289441106,1.0,1.0,Feynman65,alpha
0.0,0.9565470602672228,1.0,1.0,Feynman65,alpha
0.0,0.9025660299381773,1.0,1.0,Feynman65,alpha
0.0,0.5510529470226512,1.0,1.0,Feynman65,alpha
0.0,0.2155738070589278,1.0,1.0,Feynman65,alpha
0.0,0.19249868946931947,1.0,1.0,Feynman65,alpha
0.0,0.5780259361426524,1.0,1.0,Feynman65,alpha
0.0,0.21176500564672174,1.0,1.0,Feynman65,alpha
0.0,0.28380201060033783,1.0,1.0,Feynman65,alpha
0.0,0.7436419307682275,1.0,1.0,Feynman65,alpha
0.0,0.7484428788850829,1.0,1.0,Feynman65,alpha
0.0,0.15116301244017039,1.0,1.0,Feynman65,alpha
0.0,0.9732791594946478,1.0,1.0,Feynman65,alpha
0.0,0.18300406966919758,1.0,1.0,Feynman65,alpha
0.0,0.14183996103410923,1.0,1.0,Feynman65,alpha
0.0,0.6827311961667304,1.0,1.0,Feynman65,alpha
0.0,0.28071380140774094,1.0,1.0,Feynman65,alpha
0.0,0.4051615660314116,1.0,1.0,Feynman65,alpha
0.0,0.7810911036349306,1.0,1.0,Feynman65,alpha
0.0,0.2706887963791612,1.0,1.0,Feynman65,alpha
0.0,0.9237215276876709,1.0,1.0,Feynman65,alpha
0.0,0.6277915970645633,1.0,1.0,Feynman65,alpha
0.0,0.38041242594499536,1.0,1.0,Feynman65,alpha
0.0,0.29779817908889206,1.0,1.0,Feynman65,alpha
0.0,0.9820847392415275,1.0,1.0,Feynman65,alpha
0.0,0.13375565624101193,1.0,1.0,Feynman65,alpha
0.0,0.6446601653651264,1.0,1.0,Feynman65,alpha
0.0,0.010692884094839816,1.0,1.0,Feynman65,alpha
0.0,0.03230290187056295,1.0,1.0,Feynman65,alpha
0.0,0.5806063125021865,1.0,1.0,Feynman65,alpha
0.0,0.9568559265324028,1.0,1.0,Feynman65,alpha
0.0,0.7116140557203109,1.0,1.0,Feynman65,alpha
0.0,0.8439596691749432,1.0,1.0,Feynman65,alpha
0.0,0.2916191706306013,1.0,1.0,Feynman65,alpha
0.0,0.937720679850311,1.0,1.0,Feynman65,alpha
0.0,0.12132496169966533,1.0,1.0,Feynman65,alpha
0.0,0.9536368222978994,1.0,1.0,Feynman65,alpha
0.0,0.7017901033306123,1.0,1.0,Feynman65,alpha
0.0,0.8355869564932442,1.0,1.0,Feynman65,alpha
0.0,0.0515629560901365,1.0,1.0,Feynman65,alpha
0.0,0.5977984593321647,1.0,1.0,Feynman65,alpha
0.0,0.4654356758180477,1.0,1.0,Feynman65,alpha
0.0,0.44841376054981463,1.0,1.0,Feynman65,alpha
0.0,0.9739410206348575,1.0,1.0,Feynman65,alpha
0.0,0.3966427777197832,1.0,1.0,Feynman65,alpha
0.0,0.618831282396049,1.0,1.0,Feynman65,alpha
0.0,0.12066042329922944,1.0,1.0,Feynman65,alpha
0.0,0.8477891302834121,1.0,1.0,Feynman65,alpha
0.0,0.28115848338948357,1.0,1.0,Feynman65,alpha
0.0,0.39602649778461585,1.0,1.0,Feynman65,alpha
0.0,0.44212417339094434,1.0,1.0,Feynman65,alpha
0.0,0.0032068549500723353,1.0,1.0,Feynman65,alpha
0.0,0.19452888315205186,1.0,1.0,Feynman65,alpha
0.0,0.05358963508352532,1.0,1.0,Feynman65,alpha
0.0,0.5353234820500825,1.0,1.0,Feynman65,alpha
0.0,0.7863978582430052,1.0,1.0,Feynman65,alpha
0.0,0.12995731877895134,1.0,1.0,Feynman65,alpha
0.0,0.6030770735980162,1.0,1.0,Feynman65,alpha
0.0,0.6447540906232009,1.0,1.0,Feynman65,alpha
0.0,0.8163711977212237,1.0,1.0,Feynman65,alpha
0.0,0.318217515140353,1.0,1.0,Feynman65,alpha
0.0,0.7176172726220952,1.0,1.0,Feynman65,alpha
0.0,0.7552709597897325,1.0,1.0,Feynman65,alpha
0.0,0.588985015939823,1.0,1.0,Feynman65,alpha
0.0,0.5390685302108489,1.0,1.0,Feynman65,alpha
0.0,0.9792460426565522,1.0,1.0,Feynman65,alpha
0.0,0.5949279751816914,1.0,1.0,Feynman65,alpha
0.0,0.3480428380009647,1.0,1.0,Feynman65,alpha
0.0,0.05804643875002413,1.0,1.0,Feynman65,alpha
0.0,0.01155126284841379,1.0,1.0,Feynman65,alpha
0.0,0.11916034340204529,1.0,1.0,Feynman65,alpha
0.0,0.6167279908163814,1.0,1.0,Feynman65,alpha
0.0,0.892297785903841,1.0,1.0,Feynman65,alpha
0.0,0.0846267494571813,1.0,1.0,Feynman65,alpha
0.0,0.014850099394828287,1.0,1.0,Feynman65,alpha
0.0,0.9770256894435688,1.0,1.0,Feynman65,alpha
0.0,0.09450396834290953,1.0,1.0,Feynman65,alpha
0.0,0.3761882616175186,1.0,1.0,Feynman65,alpha
0.0,0.6047034051940126,1.0,1.0,Feynman65,alpha
0.0,0.6964421823452601,1.0,1.0,Feynman65,alpha
0.0,0.7699554895665659,1.0,1.0,Feynman65,alpha
0.0,0.7882876865334385,1.0,1.0,Feynman65,alpha
0.0,0.19987045148676508,1.0,1.0,Feynman65,alpha
0.0,0.8431427233934214,1.0,1.0,Feynman65,alpha
0.0,0.9987457828793767,1.0,1.0,Feynman65,alpha
0.0,0.8799037955429638,1.0,1.0,Feynman65,alpha
0.0,0.312125104675709,1.0,1.0,Feynman65,alpha
0.0,0.5597875052255896,1.0,1.0,Feynman65,alpha
0.0,0.7117897780928396,1.0,1.0,Feynman65,alpha
0.0,0.5312592269080169,1.0,1.0,Feynman65,alpha
0.0,0.0016338424584326772,1.0,1.0,Feynman65,alpha
0.0,0.6348684732639343,1.0,1.0,Feynman65,alpha
0.0,0.4424343246771123,1.0,1.0,Feynman65,alpha
0.0,0.2592369124587848,1.0,1.0,Feynman65,alpha
0.0,0.6340244049731643,1.0,1.0,Feynman65,alpha
0.0,0.8216751044125872,1.0,1.0,Feynman65,alpha
0.0,0.6676208714512111,1.0,1.0,Feynman65,alpha
0.0,0.6870231953531232,1.0,1.0,Feynman65,alpha
0.0,0.7461059970332097,1.0,1.0,Feynman65,alpha
0.0,0.27963444516319225,1.0,1.0,Feynman65,alpha
0.0,0.48299736803259696,1.0,1.0,Feynman65,alpha
0.0,0.0006875374937450607,1.0,1.0,Feynman65,alpha
0.0,0.68618147413262,1.0,1.0,Feynman65,alpha
0.0,0.8455803747165211,1.0,1.0,Feynman65,alpha
0.0,0.3137694030297027,1.0,1.0,Feynman65,alpha
0.0,0.2349489117132555,1.0,1.0,Feynman65,alpha
0.0,0.5896262751018735,1.0,1.0,Feynman65,alpha
0.0,0.024261414074330134,1.0,1.0,Feynman65,alpha
0.0,0.47970577248746626,1.0,1.0,Feynman65,alpha
0.0,0.78350234674339,1.0,1.0,Feynman65,alpha
0.0,0.6786191014719429,1.0,1.0,Feynman65,alpha
0.0,0.10689892689174851,1.0,1.0,Feynman65,alpha
0.0,0.006775507608625553,1.0,1.0,Feynman65,alpha
0.0,0.8902769012661014,1.0,1.0,Feynman65,alpha
0.0,0.856617351595705,1.0,1.0,Feynman65,alpha
0.0,0.6500962889598656,1.0,1.0,Feynman65,alpha
0.0,0.9327725983107893,1.0,1.0,Feynman65,alpha
0.0,0.5932794436504194,1.0,1.0,Feynman65,alpha
0.0,0.6029131732013726,1.0,1.0,Feynman65,alpha
0.0,0.81430851024097,1.0,1.0,Feynman65,alpha
0.0,0.27819171920618513,1.0,1.0,Feynman65,alpha
0.0,0.8375917112270669,1.0,1.0,Feynman65,alpha
0.0,0.7916334381570924,1.0,1.0,Feynman65,alpha
0.0,0.21149649447678853,1.0,1.0,Feynman65,alpha
0.0,0.9031655173573029,1.0,1.0,Feynman65,alpha
0.0,0.7825929020779432,1.0,1.0,Feynman65,alpha
0.0,0.7089008292492841,1.0,1.0,Feynman65,alpha
0.0,0.16782944133240396,1.0,1.0,Feynman65,alpha
0.0,0.9621235353594453,1.0,1.0,Feynman65,alpha
0.0,0.07816098351841672,1.0,1.0,Feynman65,alpha
0.0,0.9952399770580035,1.0,1.0,Feynman65,alpha
0.0,0.06429877901690662,1.0,1.0,Feynman65,alpha
0.0,0.3142645500320428,1.0,1.0,Feynman65,alpha
0.0,0.5441786602374011,1.0,1.0,Feynman65,alpha
0.0,0.39143549614625384,1.0,1.0,Feynman65,alpha
0.0,0.2767049887099674,1.0,1.0,Feynman65,alpha
0.0,0.7816003193087655,1.0,1.0,Feynman65,alpha
0.0,0.6110714450799799,1.0,1.0,Feynman65,alpha
0.0,0.5207261241362756,1.0,1.0,Feynman65,alpha
0.0,0.15041915017189822,1.0,1.0,Feynman65,alpha
0.0,0.7389429657879911,1.0,1.0,Feynman65,alpha
0.0,0.40502619917804716,1.0,1.0,Feynman65,alpha
0.0,0.929107856546085,1.0,1.0,Feynman65,alpha
0.0,0.2313730412529964,1.0,1.0,Feynman65,alpha
0.0,0.328690818357236,1.0,1.0,Feynman65,alpha
0.0,0.48909812407567244,1.0,1.0,Feynman65,alpha
0.0,0.5741836095876179,1.0,1.0,Feynman65,alpha
0.0,0.1302527137775189,1.0,1.0,Feynman65,alpha
0.0,0.25044106709045877,1.0,1.0,Feynman65,alpha
0.0,0.7103934566163969,1.0,1.0,Feynman65,alpha
0.0,0.9549642684466229,1.0,1.0,Feynman65,alpha
0.0,0.9960641530051795,1.0,1.0,Feynman65,alpha
0.0,0.4758009255817799,1.0,1.0,Feynman65,alpha
0.0,0.18464600321718105,1.0,1.0,Feynman65,alpha
0.0,0.5802787559251219,1.0,1.0,Feynman65,alpha
0.0,0.12128118542715782,1.0,1.0,Feynman65,alpha
0.0,0.010945338741770838,1.0,1.0,Feynman65,alpha
0.0,0.9276291369185123,1.0,1.0,Feynman65,alpha
0.0,0.9491622115699907,1.0,1.0,Feynman65,alpha
0.0,0.07515375559038029,1.0,1.0,Feynman65,alpha
0.0,0.010411773459919171,1.0,1.0,Feynman65,alpha
0.0,0.17574475965236713,1.0,1.0,Feynman65,alpha
0.0,0.6750744989202675,1.0,1.0,Feynman65,alpha
0.0,0.5594413072111927,1.0,1.0,Feynman65,alpha
0.0,0.556121841327592,1.0,1.0,Feynman65,alpha
0.0,0.9596993392697679,1.0,1.0,Feynman65,alpha
0.0,0.42370286184835737,1.0,1.0,Feynman65,alpha
0.0,0.33873389332506587,1.0,1.0,Feynman65,alpha
0.0,0.9695027565365752,1.0,1.0,Feynman65,alpha
0.0,0.5469791009229136,1.0,1.0,Feynman65,alpha
0.0,0.7179983159307134,1.0,1.0,Feynman65,alpha
0.0,0.969066664861339,1.0,1.0,Feynman65,alpha
0.0,0.6646997717263785,1.0,1.0,Feynman65,alpha
0.0,0.48340618140502134,1.0,1.0,Feynman65,alpha
0.0,0.09839527930172487,1.0,1.0,Feynman65,alpha
0.0,0.9678021553932998,1.0,1.0,Feynman65,alpha
0.0,0.7820794351464827,1.0,1.0,Feynman65,alpha
0.0,0.36426522640961,1.0,1.0,Feynman65,alpha
0.0,0.04183844645732793,1.0,1.0,Feynman65,alpha
0.0,0.261745827758057,1.0,1.0,Feynman65,alpha
0.0,0.5480365559835743,1.0,1.0,Feynman65,alpha
0.0,0.22303813915032655,1.0,1.0,Feynman65,alpha
0.0,0.466321844918383,1.0,1.0,Feynman65,alpha
0.0,0.7253283734490611,1.0,1.0,Feynman65,alpha
0.0,0.48473537733290295,1.0,1.0,Feynman65,alpha
0.0,0.9353516235687238,1.0,1.0,Feynman65,alpha
0.0,0.9223925438570983,1.0,1.0,Feynman65,alpha
0.0,0.9899924306317376,1.0,1.0,Feynman65,alpha
0.0,0.1654488177539647,1.0,1.0,Feynman65,alpha
0.0,0.3065969620594913,1.0,1.0,Feynman65,alpha
0.0,0.42903308619963687,1.0,1.0,Feynman65,alpha
0.0,0.4673390698079979,1.0,1.0,Feynman65,alpha
0.0,0.03913167798596673,1.0,1.0,Feynman65,alpha
0.0,0.44278967529414226,1.0,1.0,Feynman65,alpha
0.0,0.8468287175721512,1.0,1.0,Feynman65,alpha
0.0,0.7013119991196078,1.0,1.0,Feynman65,alpha
0.0,0.7899772568511126,1.0,1.0,Feynman65,alpha
0.0,0.13398231850752573,1.0,1.0,Feynman65,alpha
0.0,0.47754986551332657,1.0,1.0,Feynman65,alpha
0.0,0.40013372841095596,1.0,1.0,Feynman65,alpha
0.0,0.32648558616054746,1.0,1.0,Feynman65,alpha
0.0,0.5815650819471128,1.0,1.0,Feynman65,alpha
0.0,0.2093936695092301,1.0,1.0,Feynman65,alpha
0.0,0.1211698034808687,1.0,1.0,Feynman65,alpha
0.0,0.414122823440643,1.0,1.0,Feynman65,alpha
0.0,0.5675806206973932,1.0,1.0,Feynman65,alpha
0.0,0.7734148476690939,1.0,1.0,Feynman65,alpha
0.0,0.6613550279256554,1.0,1.0,Feynman65,alpha
0.0,0.5587607056105177,1.0,1.0,Feynman65,alpha
0.0,0.7738399650998458,1.0,1.0,Feynman65,alpha
0.0,0.7017808978106849,1.0,1.0,Feynman65,alpha
0.0,0.2711350466622079,1.0,1.0,Feynman65,alpha
0.0,0.6050356826934354,1.0,1.0,Feynman65,alpha
0.0,0.7618103962970161,1.0,1.0,Feynman65,alpha
0.0,0.522996046280535,1.0,1.0,Feynman65,alpha
0.0,0.10567453065368893,1.0,1.0,Feynman65,alpha
0.0,0.399335304869594,1.0,1.0,Feynman65,alpha
0.0,0.20239773634448555,1.0,1.0,Feynman65,alpha
0.0,0.8497841412704443,1.0,1.0,Feynman65,alpha
0.0,0.7336884277432187,1.0,1.0,Feynman65,alpha
0.0,0.8262602319139715,1.0,1.0,Feynman65,alpha
0.0,0.03772819892797796,1.0,1.0,Feynman65,alpha
0.0,0.3615646919295997,1.0,1.0,Feynman65,alpha
0.0,0.42175582697400493,1.0,1.0,Feynman65,alpha
0.0,0.3250353074618392,1.0,1.0,Feynman65,alpha
0.0,0.15651109464100554,1.0,1.0,Feynman65,alpha
0.0,0.08803786449053774,1.0,1.0,Feynman65,alpha
0.0,0.7064730411748799,1.0,1.0,Feynman65,alpha
0.0,0.48487954645217657,1.0,1.0,Feynman65,alpha
0.0,0.8399295567726083,1.0,1.0,Feynman65,alpha
0.0,0.8186264356000843,1.0,1.0,Feynman65,alpha
0.0,0.9171422425851977,1.0,1.0,Feynman65,alpha
0.0,0.7067164025815387,1.0,1.0,Feynman65,alpha
0.0,0.7966079305681645,1.0,1.0,Feynman65,alpha
0.0,0.1819680445111973,1.0,1.0,Feynman65,alpha
0.0,0.18611298907326834,1.0,1.0,Feynman65,alpha
0.0,0.4018239851321914,1.0,1.0,Feynman65,alpha
0.0,0.8764200620125163,1.0,1.0,Feynman65,alpha
0.0,0.35471550265457386,1.0,1.0,Feynman65,alpha
0.0,0.04913085440770859,1.0,1.0,Feynman65,alpha
0.0,0.4259847809889371,1.0,1.0,Feynman65,alpha
0.0,0.28308657894914224,1.0,1.0,Feynman65,alpha
0.0,0.7084514450191451,1.0,1.0,Feynman65,alpha
0.0,0.7860257622526908,1.0,1.0,Feynman65,alpha
0.0,0.7690804119548565,1.0,1.0,Feynman65,alpha
0.0,0.7240792040740064,1.0,1.0,Feynman65,alpha
0.0,0.5071744595476282,1.0,1.0,Feynman65,alpha
0.0,0.5929045233380222,1.0,1.0,Feynman65,alpha
0.0,0.4761336360571552,1.0,1.0,Feynman65,alpha
0.0,0.7437252332610466,1.0,1.0,Feynman65,alpha
0.0,0.8389566770718061,1.0,1.0,Feynman65,alpha
0.0,0.10929469059605146,1.0,1.0,Feynman65,alpha
0.0,0.20695383196383743,1.0,1.0,Feynman65,alpha
0.0,0.007980586060356676,1.0,1.0,Feynman65,alpha
0.0,0.03311647695830666,1.0,1.0,Feynman65,alpha
0.0,0.7905380660429606,1.0,1.0,Feynman65,alpha
0.0,0.2139951122487742,1.0,1.0,Feynman65,alpha
0.0,0.5638924898455778,1.0,1.0,Feynman65,alpha
0.0,0.4294784038595709,1.0,1.0,Feynman65,alpha
0.0,0.6183995981504825,1.0,1.0,Feynman65,alpha
0.0,0.5197930526483223,1.0,1.0,Feynman65,alpha
0.0,0.11842387170988244,1.0,1.0,Feynman65,alpha
0.0,0.6288887360403356,1.0,1.0,Feynman65,alpha
0.0,0.2872959110254989,1.0,1.0,Feynman65,alpha
0.0,0.6396824409613038,1.0,1.0,Feynman65,alpha
0.0,0.28405791985568885,1.0,1.0,Feynman65,alpha
0.0,0.09753061155575704,1.0,1.0,Feynman65,alpha
0.0,0.7272543961323166,1.0,1.0,Feynman65,alpha
0.0,0.7377769651220369,1.0,1.0,Feynman65,alpha
0.0,0.3973686248802323,1.0,1.0,Feynman65,alpha
0.0,0.5259642520913624,1.0,1.0,Feynman65,alpha
0.0,0.6939330578269696,1.0,1.0,Feynman65,alpha
0.0,0.44935920710066934,1.0,1.0,Feynman65,alpha
0.0,0.11366902187269035,1.0,1.0,Feynman65,alpha
0.0,0.9022766161414542,1.0,1.0,Feynman65,alpha
0.0,0.7810823796933773,1.0,1.0,Feynman65,alpha
0.0,0.2699010877251966,1.0,1.0,Feynman65,alpha
0.0,0.017774679105472924,1.0,1.0,Feynman65,alpha
0.0,0.36013612618241053,1.0,1.0,Feynman65,alpha
0.0,0.04297417547588367,1.0,1.0,Feynman65,alpha
0.0,0.7254152529711231,1.0,1.0,Feynman65,alpha
0.0,0.22617838922234534,1.0,1.0,Feynman65,alpha
0.0,0.8955166894201806,1.0,1.0,Feynman65,alpha
0.0,0.4552575417320104,1.0,1.0,Feynman65,alpha
0.0,0.35482526956422333,1.0,1.0,Feynman65,alpha
0.0,0.6574348436471281,1.0,1.0,Feynman65,alpha
0.0,0.5284531144029506,1.0,1.0,Feynman65,alpha
0.0,0.7654141350051862,1.0,1.0,Feynman65,alpha
0.0,0.5477630164558009,1.0,1.0,Feynman65,alpha
0.0,0.30263885181997163,1.0,1.0,Feynman65,alpha
0.0,0.4596995254922349,1.0,1.0,Feynman65,alpha
0.0,0.019470604815831405,1.0,1.0,Feynman65,alpha
0.0,0.7134688127387772,1.0,1.0,Feynman65,alpha
0.0,0.526579973665798,1.0,1.0,Feynman65,alpha
0.0,0.1319531625235808,1.0,1.0,Feynman65,alpha
0.0,0.16054653850862144,1.0,1.0,Feynman65,alpha
0.0,0.7739086663834663,1.0,1.0,Feynman65,alpha
0.0,0.058231592434119794,1.0,1.0,Feynman65,alpha
0.0,0.006997950851421408,1.0,1.0,Feynman65,alpha
0.0,0.9436596600882751,1.0,1.0,Feynman65,alpha
0.0,0.9547803628938081,1.0,1.0,Feynman65,alpha
0.0,0.34317980837756235,1.0,1.0,Feynman65,alpha
0.0,0.8894437466905117,1.0,1.0,Feynman65,alpha
0.0,0.48357077047719865,1.0,1.0,Feynman65,alpha
0.0,0.6371442083602513,1.0,1.0,Feynman65,alpha
0.0,0.37910935866145323,1.0,1.0,Feynman65,alpha
0.0,0.7791206196478657,1.0,1.0,Feynman65,alpha
0.0,0.09376077959160911,1.0,1.0,Feynman65,alpha
0.0,0.07973773369627823,1.0,1.0,Feynman65,alpha
0.0,0.4549892427629041,1.0,1.0,Feynman65,alpha
0.0,0.435526741793848,1.0,1.0,Feynman65,alpha
0.0,0.6991626910880528,1.0,1.0,Feynman65,alpha
0.0,0.6171862267555897,1.0,1.0,Feynman65,alpha
0.0,0.15870798345813397,1.0,1.0,Feynman65,alpha
0.0,0.8448117816373019,1.0,1.0,Feynman65,alpha
0.0,0.10427878464103302,1.0,1.0,Feynman65,alpha
0.0,0.8647743958750729,1.0,1.0,Feynman65,alpha
0.0,0.37958323660888016,1.0,1.0,Feynman65,alpha
0.0,0.014429841764341811,1.0,1.0,Feynman65,alpha
0.0,0.8746694278109252,1.0,1.0,Feynman65,alpha
0.0,0.17148682181422803,1.0,1.0,Feynman65,alpha
0.0,0.4771383031673915,1.0,1.0,Feynman65,alpha
0.0,0.6665976461413852,1.0,1.0,Feynman65,alpha
0.0,0.18387699281441283,1.0,1.0,Feynman65,alpha
0.0,0.21218301921943716,1.0,1.0,Feynman65,alpha
0.0,0.0712850687157911,1.0,1.0,Feynman65,alpha
0.0,0.8481632765303591,1.0,1.0,Feynman65,alpha
0.0,0.08062144659435289,1.0,1.0,Feynman65,alpha
0.0,0.05195830750210695,1.0,1.0,Feynman65,alpha
0.0,0.21229142227350173,1.0,1.0,Feynman65,alpha
0.0,0.6413869115932596,1.0,1.0,Feynman65,alpha
0.0,0.32130729315598316,1.0,1.0,Feynman65,alpha
0.0,0.47264545668192626,1.0,1.0,Feynman65,alpha
0.0,0.7366762579134455,1.0,1.0,Feynman65,alpha
0.0,0.9656968713055184,1.0,1.0,Feynman65,alpha
0.0,0.17094604868909402,1.0,1.0,Feynman65,alpha
0.0,0.48908918938374524,1.0,1.0,Feynman65,alpha
0.0,0.7928383544526737,1.0,1.0,Feynman65,alpha
0.0,0.9235313278314526,1.0,1.0,Feynman65,alpha
0.0,0.13565011064483679,1.0,1.0,Feynman65,alpha
0.0,0.13864152788540396,1.0,1.0,Feynman65,alpha
0.0,0.7153075239067676,1.0,1.0,Feynman65,alpha
0.0,0.21187293371874827,1.0,1.0,Feynman65,alpha
0.0,0.9545087886294611,1.0,1.0,Feynman65,alpha
0.0,0.6004691524334187,1.0,1.0,Feynman65,alpha
0.0,0.46825322080036635,1.0,1.0,Feynman65,alpha
0.0,0.4760029384127651,1.0,1.0,Feynman65,alpha
0.0,0.7467705302335333,1.0,1.0,Feynman65,alpha
0.0,0.814483328792368,1.0,1.0,Feynman65,alpha
0.0,0.94431066610071,1.0,1.0,Feynman65,alpha
0.0,0.46733147543862996,1.0,1.0,Feynman65,alpha
0.0,0.7980662173130625,1.0,1.0,Feynman65,alpha
0.0,0.39325098329537156,1.0,1.0,Feynman65,alpha
0.0,0.8304985292546867,1.0,1.0,Feynman65,alpha
0.0,0.6241144868828694,1.0,1.0,Feynman65,alpha
0.0,0.684055110445461,1.0,1.0,Feynman65,alpha
0.0,0.32832265547091355,1.0,1.0,Feynman65,alpha
0.0,0.6346407843156376,1.0,1.0,Feynman65,alpha
0.0,0.2684047349013392,1.0,1.0,Feynman65,alpha
0.0,0.15815553733974774,1.0,1.0,Feynman65,alpha
0.0,0.6673065479444539,1.0,1.0,Feynman65,alpha
0.0,0.17118714440179483,1.0,1.0,Feynman65,alpha
0.0,0.7838317091377544,1.0,1.0,Feynman65,alpha
0.0,0.10860783427814835,1.0,1.0,Feynman65,alpha
0.0,0.8862415707807443,1.0,1.0,Feynman65,alpha
0.0,0.05737483765276141,1.0,1.0,Feynman65,alpha
0.0,0.12625245158604326,1.0,1.0,Feynman65,alpha
0.0,0.4423068922229483,1.0,1.0,Feynman65,alpha
0.0,0.1829430715078989,1.0,1.0,Feynman65,alpha
0.0,0.02975996348024046,1.0,1.0,Feynman65,alpha
0.0,0.3479150726703826,1.0,1.0,Feynman65,alpha
0.0,0.5446013012946833,1.0,1.0,Feynman65,alpha
0.0,0.7132750253939019,1.0,1.0,Feynman65,alpha
0.0,0.22001808255852084,1.0,1.0,Feynman65,alpha
0.0,0.33762800379398195,1.0,1.0,Feynman65,alpha
0.0,0.27144992371263443,1.0,1.0,Feynman65,alpha
0.0,0.2828708983944498,1.0,1.0,Feynman65,alpha
0.0,0.37802289512876164,1.0,1.0,Feynman65,alpha
0.0,0.3861219248071954,1.0,1.0,Feynman65,alpha
0.0,0.6213639693235165,1.0,1.0,Feynman65,alpha
0.0,0.07743504996855788,1.0,1.0,Feynman65,alpha
0.0,0.04665102844058078,1.0,1.0,Feynman65,alpha
0.0,0.9931217332131895,1.0,1.0,Feynman65,alpha
0.0,0.6351939583641951,1.0,1.0,Feynman65,alpha
0.0,0.6035457326191447,1.0,1.0,Feynman65,alpha
0.0,0.353868287990282,1.0,1.0,Feynman65,alpha
0.0,0.9238673508705445,1.0,1.0,Feynman65,alpha
0.0,0.1952667414483954,1.0,1.0,Feynman65,alpha
0.0,0.6201694068029777,1.0,1.0,Feynman65,alpha
0.0,0.4537849940273341,1.0,1.0,Feynman65,alpha
0.0,0.3637524355929316,1.0,1.0,Feynman65,alpha
0.0,0.08814777636790327,1.0,1.0,Feynman65,alpha
0.0,0.8063052887898643,1.0,1.0,Feynman65,alpha
0.0,0.6316890156331518,1.0,1.0,Feynman65,alpha
0.0,0.5669682794062919,1.0,1.0,Feynman65,alpha
0.0,0.842176932467357,1.0,1.0,Feynman65,alpha
0.0,0.8035338983454043,1.0,1.0,Feynman65,alpha
0.0,0.5368106981574264,1.0,1.0,Feynman65,alpha
0.0,0.8702618105577015,1.0,1.0,Feynman65,alpha
0.0,0.5393717574808053,1.0,1.0,Feynman65,alpha
0.0,0.3948199836708606,1.0,1.0,Feynman65,alpha
0.0,0.6699307676267638,1.0,1.0,Feynman65,alpha
0.0,0.125940276436316,1.0,1.0,Feynman65,alpha
0.0,0.6317623708920775,1.0,1.0,Feynman65,alpha
0.0,0.9045917709161122,1.0,1.0,Feynman65,alpha
0.0,0.515585646262552,1.0,1.0,Feynman65,alpha
0.0,0.2994558690915562,1.0,1.0,Feynman65,alpha
0.0,0.4767749626028728,1.0,1.0,Feynman65,alpha
0.0,0.2467628316039252,1.0,1.0,Feynman65,alpha
0.0,0.01676259507169986,1.0,1.0,Feynman65,alpha
0.0,0.0799939727106107,1.0,1.0,Feynman65,alpha
0.0,0.3111858799895839,1.0,1.0,Feynman65,alpha
0.0,0.7429631457779582,1.0,1.0,Feynman65,alpha
0.0,0.7395916361351689,1.0,1.0,Feynman65,alpha
0.0,0.4204074691481956,1.0,1.0,Feynman65,alpha
0.0,0.878190128475764,1.0,1.0,Feynman65,alpha
0.0,0.015423858047048378,1.0,1.0,Feynman65,alpha
0.0,0.09698315620746212,1.0,1.0,Feynman65,alpha
0.0,0.20549999800970142,1.0,1.0,Feynman65,alpha
0.0,0.094721810617581,1.0,1.0,Feynman65,alpha
0.0,0.3156682871110279,1.0,1.0,Feynman65,alpha
0.0,0.13770635892553496,1.0,1.0,Feynman65,alpha
0.0,0.7433752209648139,1.0,1.0,Feynman65,alpha
0.0,0.7395628217991171,1.0,1.0,Feynman65,alpha
0.0,0.7941182009327225,1.0,1.0,Feynman65,alpha
0.0,0.18233215490141896,1.0,1.0,Feynman65,alpha
0.0,0.2381632206515456,1.0,1.0,Feynman65,alpha
0.0,0.49024534701558586,1.0,1.0,Feynman65,alpha
0.0,0.02737179526257527,1.0,1.0,Feynman65,alpha
0.0,0.5145030482885194,1.0,1.0,Feynman65,alpha
0.0,0.9128866684916077,1.0,1.0,Feynman65,alpha
0.0,0.5719571762981441,1.0,1.0,Feynman65,alpha
0.0,0.7889733065288033,1.0,1.0,Feynman65,alpha
0.0,0.8197154863615654,1.0,1.0,Feynman65,alpha
0.0,0.532266251187856,1.0,1.0,Feynman65,alpha
0.0,0.11199342164847814,1.0,1.0,Feynman65,alpha
0.0,0.2691202828624888,1.0,1.0,Feynman65,alpha
0.0,0.6512387587066085,1.0,1.0,Feynman65,alpha
0.0,0.8966746605636002,1.0,1.0,Feynman65,alpha
0.0,0.19847751075208286,1.0,1.0,Feynman65,alpha
0.0,0.039748880126178165,1.0,1.0,Feynman65,alpha
0.0,0.0801805413894201,1.0,1.0,Feynman65,alpha
0.0,0.29093630686629535,1.0,1.0,Feynman65,alpha
0.0,0.35602827247851254,1.0,1.0,Feynman65,alpha
0.0,0.7850718062543794,1.0,1.0,Feynman65,alpha
0.0,0.11129263837219472,1.0,1.0,Feynman65,alpha
0.0,0.33186505823105616,1.0,1.0,Feynman65,alpha
0.0,0.8979893433799977,1.0,1.0,Feynman65,alpha
0.0,0.6101156800322662,1.0,1.0,Feynman65,alpha
0.0,0.9605664372544088,1.0,1.0,Feynman65,alpha
0.0,0.6520534115701346,1.0,1.0,Feynman65,alpha
0.0,0.48952348575584004,1.0,1.0,Feynman65,alpha
0.0,0.46919433404316335,1.0,1.0,Feynman65,alpha
0.0,0.0321904457108424,1.0,1.0,Feynman65,alpha
0.0,0.04032993466938484,1.0,1.0,Feynman65,alpha
0.0,0.5042332532833302,1.0,1.0,Feynman65,alpha
0.0,0.3854596782052855,1.0,1.0,Feynman65,alpha
0.0,0.5753168677504974,1.0,1.0,Feynman65,alpha
0.0,0.5881032984197212,1.0,1.0,Feynman65,alpha
0.0,0.0801777483648477,1.0,1.0,Feynman65,alpha
0.0,0.4061488300227257,1.0,1.0,Feynman65,alpha
0.0,0.37178442947080503,1.0,1.0,Feynman65,alpha
0.0,0.3953330868011524,1.0,1.0,Feynman65,alpha
0.0,0.47180421424591057,1.0,1.0,Feynman65,alpha
0.0,0.6482484253522663,1.0,1.0,Feynman65,alpha
0.0,0.7743099793265388,1.0,1.0,Feynman65,alpha
0.0,0.32582383494049394,1.0,1.0,Feynman65,alpha
0.0,0.973745748320716,1.0,1.0,Feynman65,alpha
0.0,0.5600631583359672,1.0,1.0,Feynman65,alpha
0.0,0.19966288769004914,1.0,1.0,Feynman65,alpha
0.0,0.872467692852442,1.0,1.0,Feynman65,alpha
0.0,0.7232907129987051,1.0,1.0,Feynman65,alpha
0.0,0.46584400387858405,1.0,1.0,Feynman65,alpha
0.0,0.4503488139504501,1.0,1.0,Feynman65,alpha
0.0,0.47408489569225654,1.0,1.0,Feynman65,alpha
0.0,0.18561148518218196,1.0,1.0,Feynman65,alpha
0.0,0.4782008246882996,1.0,1.0,Feynman65,alpha
0.0,0.3718164189047186,1.0,1.0,Feynman65,alpha
0.0,0.8452014069472842,1.0,1.0,Feynman65,alpha
0.0,0.8115031373029243,1.0,1.0,Feynman65,alpha
0.0,0.7247558020936984,1.0,1.0,Feynman65,alpha
0.0,0.44526134414010676,1.0,1.0,Feynman65,alpha
0.0,0.67764281482481,1.0,1.0,Feynman65,alpha
0.0,0.7572833322603406,1.0,1.0,Feynman65,alpha
0.0,0.8193232511668783,1.0,1.0,Feynman65,alpha
0.0,0.8861898496231793,1.0,1.0,Feynman65,alpha
0.0,0.2326071373912686,1.0,1.0,Feynman65,alpha
0.0,0.9447024993967896,1.0,1.0,Feynman65,alpha
0.0,0.5385370588338925,1.0,1.0,Feynman65,alpha
0.0,0.6769287115772762,1.0,1.0,Feynman65,alpha
0.0,0.3102146389172631,1.0,1.0,Feynman65,alpha
0.0,0.2702013658006268,1.0,1.0,Feynman65,alpha
0.0,0.7393789055074238,1.0,1.0,Feynman65,alpha
0.0,0.4626359110242211,1.0,1.0,Feynman65,alpha
0.0,0.2838711100709106,1.0,1.0,Feynman65,alpha
0.0,0.7223560409797346,1.0,1.0,Feynman65,alpha
0.0,0.8002010191715736,1.0,1.0,Feynman65,alpha
0.0,0.05194138529756109,1.0,1.0,Feynman65,alpha
0.0,0.4426432700139753,1.0,1.0,Feynman65,alpha
0.0,0.9824702924032629,1.0,1.0,Feynman65,alpha
0.0,0.5601630347577611,1.0,1.0,Feynman65,alpha
0.0,0.18301063920436533,1.0,1.0,Feynman65,alpha
0.0,0.5351332490349759,1.0,1.0,Feynman65,alpha
0.0,0.47991472040047223,1.0,1.0,Feynman65,alpha
0.0,0.9753204731619627,1.0,1.0,Feynman65,alpha
0.0,0.11284153988902046,1.0,1.0,Feynman65,alpha
0.0,0.9212698305110677,1.0,1.0,Feynman65,alpha
0.0,0.5170549316142894,1.0,1.0,Feynman65,alpha
0.0,0.11367513600775137,1.0,1.0,Feynman65,alpha
0.0,0.05183659406947183,1.0,1.0,Feynman65,alpha
0.0,0.07795752528225308,1.0,1.0,Feynman65,alpha
0.0,0.9418835457491151,1.0,1.0,Feynman65,alpha
0.0,0.9597792829164964,1.0,1.0,Feynman65,alpha
0.0,0.47692296190042516,1.0,1.0,Feynman65,alpha
0.0,0.9592188335193402,1.0,1.0,Feynman65,alpha
0.0,0.5058776260400925,1.0,1.0,Feynman65,alpha
0.0,0.018129786822054017,1.0,1.0,Feynman65,alpha
0.0,0.2768993156783002,1.0,1.0,Feynman65,alpha
0.0,0.5012863483772491,1.0,1.0,Feynman65,alpha
0.0,0.3283486907599069,1.0,1.0,Feynman65,alpha
0.0,0.15830967025822773,1.0,1.0,Feynman65,alpha
0.0,0.4802239734134133,1.0,1.0,Feynman65,alpha
0.0,0.5133670958089309,1.0,1.0,Feynman65,alpha
0.0,0.8190275271336467,1.0,1.0,Feynman65,alpha
0.0,0.7162037078569868,1.0,1.0,Feynman65,alpha
0.0,0.9329989795148448,1.0,1.0,Feynman65,alpha
0.0,0.9425808823054089,1.0,1.0,Feynman65,alpha
0.0,0.9819307257897887,1.0,1.0,Feynman65,alpha
0.0,0.4672668616891309,1.0,1.0,Feynman65,alpha
0.0,0.03145388103149105,1.0,1.0,Feynman65,alpha
0.0,0.29473376355916014,1.0,1.0,Feynman65,alpha
0.0,0.7592142312166213,1.0,1.0,Feynman65,alpha
0.0,0.4546846605254321,1.0,1.0,Feynman65,alpha
0.0,0.3982506318870833,1.0,1.0,Feynman65,alpha
0.0,0.7559211663671387,1.0,1.0,Feynman65,alpha
0.0,0.465272726344939,1.0,1.0,Feynman65,alpha
0.0,0.21798062413537267,1.0,1.0,Feynman65,alpha
0.0,0.8967128270243203,1.0,1.0,Feynman65,alpha
0.0,0.07733857590702653,1.0,1.0,Feynman65,alpha
0.0,0.41012686136905363,1.0,1.0,Feynman65,alpha
0.0,0.5207630475112253,1.0,1.0,Feynman65,alpha
0.0,0.07767454179745148,1.0,1.0,Feynman65,alpha
0.0,0.7181615502241535,1.0,1.0,Feynman65,alpha
0.0,0.4886039824758974,1.0,1.0,Feynman65,alpha
0.0,0.8231182582798795,1.0,1.0,Feynman65,alpha
0.0,0.32087822201177163,1.0,1.0,Feynman65,alpha
0.0,0.8996464927129743,1.0,1.0,Feynman65,alpha
0.0,0.17376944606820055,1.0,1.0,Feynman65,alpha
0.0,0.588706028630533,1.0,1.0,Feynman65,alpha
0.0,0.9914989549640173,1.0,1.0,Feynman65,alpha
0.0,0.5229522079655448,1.0,1.0,Feynman65,alpha
0.0,0.060041655077305744,1.0,1.0,Feynman65,alpha
0.0,0.30595262524078737,1.0,1.0,Feynman65,alpha
0.0,0.5974793359032541,1.0,1.0,Feynman65,alpha
0.0,0.07943715657386252,1.0,1.0,Feynman65,alpha
0.0,0.5446989177727777,1.0,1.0,Feynman65,alpha
0.0,0.3809469945949383,1.0,1.0,Feynman65,alpha
0.0,0.10736878597866006,1.0,1.0,Feynman65,alpha
0.0,0.9001074331480395,1.0,1.0,Feynman65,alpha
0.0,0.42646799576685945,1.0,1.0,Feynman65,alpha
0.0,0.31152106920993494,1.0,1.0,Feynman65,alpha
0.0,0.15683315952795396,1.0,1.0,Feynman65,alpha
0.0,0.283148235270132,1.0,1.0,Feynman65,alpha
0.0,0.8277209274232732,1.0,1.0,Feynman65,alpha
0.0,0.723684779084373,1.0,1.0,Feynman65,alpha
0.0,0.3427054587568724,1.0,1.0,Feynman65,alpha
0.0,0.7092774560068459,1.0,1.0,Feynman65,alpha
0.0,0.008363294147727629,1.0,1.0,Feynman65,alpha
0.0,0.6063737624933798,1.0,1.0,Feynman65,alpha
0.0,0.33170490523465357,1.0,1.0,Feynman65,alpha
0.0,0.42944571673315024,1.0,1.0,Feynman65,alpha
0.0,0.3966393789911332,1.0,1.0,Feynman65,alpha
0.0,0.8753716656125959,1.0,1.0,Feynman65,alpha
0.0,0.23297008708014733,1.0,1.0,Feynman65,alpha
0.0,0.836794962708483,1.0,1.0,Feynman65,alpha
0.0,0.8055058331136132,1.0,1.0,Feynman65,alpha
0.0,0.27870657087809914,1.0,1.0,Feynman65,alpha
0.0,0.6356538557923377,1.0,1.0,Feynman65,alpha
0.0,0.633874993185179,1.0,1.0,Feynman65,alpha
0.0,0.8083962172628838,1.0,1.0,Feynman65,alpha
0.0,0.9790882593437535,1.0,1.0,Feynman65,alpha
0.0,0.2607414147382482,1.0,1.0,Feynman65,alpha
0.0,0.972738711572336,1.0,1.0,Feynman65,alpha
0.0,0.0289049185717678,1.0,1.0,Feynman65,alpha
0.0,0.7985908384882862,1.0,1.0,Feynman65,alpha
0.0,0.48891103543479264,1.0,1.0,Feynman65,alpha
0.0,0.8989172842898961,1.0,1.0,Feynman65,alpha
0.0,0.5798055145534198,1.0,1.0,Feynman65,alpha
0.0,0.47912975510897715,1.0,1.0,Feynman65,alpha
0.0,0.15203965742424774,1.0,1.0,Feynman65,alpha
0.0,0.4005021300551067,1.0,1.0,Feynman65,alpha
0.0,0.2808326083505416,1.0,1.0,Feynman65,alpha
0.0,0.8908901202768681,1.0,1.0,Feynman65,alpha
0.0,0.14744784761266516,1.0,1.0,Feynman65,alpha
0.0,0.7040978220850327,1.0,1.0,Feynman65,alpha
0.0,0.30364720760042063,1.0,1.0,Feynman65,alpha
0.0,0.7155596089831369,1.0,1.0,Feynman65,alpha
0.0,0.31670840248423016,1.0,1.0,Feynman65,alpha
0.0,0.08550731441943205,1.0,1.0,Feynman65,alpha
0.0,0.034942186724914004,1.0,1.0,Feynman65,alpha
0.0,0.5284187406364041,1.0,1.0,Feynman65,alpha
0.0,0.3431922963566839,1.0,1.0,Feynman65,alpha
0.0,0.5043705052232095,1.0,1.0,Feynman65,alpha
0.0,0.0875517521628083,1.0,1.0,Feynman65,alpha
0.0,0.2649261303645509,1.0,1.0,Feynman65,alpha
0.0,0.5811248601586652,1.0,1.0,Feynman65,alpha
0.0,0.9067259604269002,1.0,1.0,Feynman65,alpha
0.0,0.14460913330787795,1.0,1.0,Feynman65,alpha
0.0,0.5688627022382062,1.0,1.0,Feynman65,alpha
0.0,0.3255721584752669,1.0,1.0,Feynman65,alpha
0.0,0.07343142500810107,1.0,1.0,Feynman65,alpha
0.0,0.5885502837816632,1.0,1.0,Feynman65,alpha
0.0,0.2753123309984472,1.0,1.0,Feynman65,alpha
0.0,0.015258296728693721,1.0,1.0,Feynman65,alpha
0.0,0.22146473742944117,1.0,1.0,Feynman65,alpha
0.0,0.5466999492414899,1.0,1.0,Feynman65,alpha
0.0,0.8435110812697043,1.0,1.0,Feynman65,alpha
0.0,0.4987988862650241,1.0,1.0,Feynman65,alpha
0.0,0.6933216808431911,1.0,1.0,Feynman65,alpha
0.0,0.22983250208409112,1.0,1.0,Feynman65,alpha
0.0,0.8773160491493606,1.0,1.0,Feynman65,alpha
0.0,0.09906839804897372,1.0,1.0,Feynman65,alpha
0.0,0.5418576530796259,1.0,1.0,Feynman65,alpha
0.0,0.42061186480980983,1.0,1.0,Feynman65,alpha
0.0,0.1904605560288457,1.0,1.0,Feynman65,alpha
0.0,0.25596445771391585,1.0,1.0,Feynman65,alpha
0.0,0.6933920817253882,1.0,1.0,Feynman65,alpha
0.0,0.13099731781121504,1.0,1.0,Feynman65,alpha
0.0,0.8588861091677166,1.0,1.0,Feynman65,alpha
0.0,0.24627987282440567,1.0,1.0,Feynman65,alpha
0.0,0.3621488987664381,1.0,1.0,Feynman65,alpha
0.0,0.6099284350548865,1.0,1.0,Feynman65,alpha
0.0,0.19095730987687565,1.0,1.0,Feynman65,alpha
0.0,0.6244190150406473,1.0,1.0,Feynman65,alpha
0.0,0.5183056122476785,1.0,1.0,Feynman65,alpha
0.0,0.024633631052280225,1.0,1.0,Feynman65,alpha
0.0,0.4796797029122024,1.0,1.0,Feynman65,alpha
0.0,0.5359138876471325,1.0,1.0,Feynman65,alpha
0.0,0.586923026894032,1.0,1.0,Feynman65,alpha
0.0,0.2774899394311645,1.0,1.0,Feynman65,alpha
0.0,0.5652057541631736,1.0,1.0,Feynman65,alpha
0.0,0.3020120546737338,1.0,1.0,Feynman65,alpha
0.0,0.4880160646202196,1.0,1.0,Feynman65,alpha
0.0,0.3800402011009686,1.0,1.0,Feynman65,alpha
0.0,0.5237457215648885,1.0,1.0,Feynman65,alpha
0.0,0.7487941998881718,1.0,1.0,Feynman65,alpha
0.0,0.8379392894433211,1.0,1.0,Feynman65,alpha
0.0,0.38418733381878756,1.0,1.0,Feynman65,alpha
0.0,0.8244725349364286,1.0,1.0,Feynman65,alpha
0.0,0.9561441173478129,1.0,1.0,Feynman65,alpha
0.0,0.12711553940091458,1.0,1.0,Feynman65,alpha
0.0,0.8027923858823507,1.0,1.0,Feynman65,alpha
0.0,0.34377987122453735,1.0,1.0,Feynman65,alpha
0.0,0.7867395991369236,1.0,1.0,Feynman65,alpha
0.0,0.358820074097536,1.0,1.0,Feynman65,alpha
0.0,0.22153671819642884,1.0,1.0,Feynman65,alpha
0.0,0.3570006236341967,1.0,1.0,Feynman65,alpha
0.0,0.2959065090770472,1.0,1.0,Feynman65,alpha
0.0,0.8882380638679818,1.0,1.0,Feynman65,alpha
0.0,0.8491981908160782,1.0,1.0,Feynman65,alpha
0.0,0.29002411850468524,1.0,1.0,Feynman65,alpha
0.0,0.8993583268109144,1.0,1.0,Feynman65,alpha
0.0,0.868674299015402,1.0,1.0,Feynman65,alpha
0.0,0.1228767132801385,1.0,1.0,Feynman65,alpha
0.0,0.8770393314384831,1.0,1.0,Feynman65,alpha
0.0,0.006672920261715509,1.0,1.0,Feynman65,alpha
0.0,0.8078546562488634,1.0,1.0,Feynman65,alpha
0.0,0.9444626642407474,1.0,1.0,Feynman65,alpha
0.0,0.9653921254199344,1.0,1.0,Feynman65,alpha
0.0,0.24453690223990376,1.0,1.0,Feynman65,alpha
0.0,0.07746961930732987,1.0,1.0,Feynman65,alpha
0.0,0.20223362007138634,1.0,1.0,Feynman65,alpha
0.0,0.4486198715062347,1.0,1.0,Feynman65,alpha
0.0,0.39162939164883626,1.0,1.0,Feynman65,alpha
0.0,0.6019053029899915,1.0,1.0,Feynman65,alpha
0.0,0.7843921896004368,1.0,1.0,Feynman65,alpha
0.0,0.23579834657768906,1.0,1.0,Feynman65,alpha
0.0,0.4252662448795097,1.0,1.0,Feynman65,alpha
0.0,0.03887834823250269,1.0,1.0,Feynman65,alpha
0.0,0.5366670900064417,1.0,1.0,Feynman65,alpha
0.0,0.7947092743865918,1.0,1.0,Feynman65,alpha
0.0,0.833469785191386,1.0,1.0,Feynman65,alpha
0.0,0.5135278274649809,1.0,1.0,Feynman65,alpha
0.0,0.93043864244143,1.0,1.0,Feynman65,alpha
0.0,0.4698824432951748,1.0,1.0,Feynman65,alpha
0.0,0.07683701793926645,1.0,1.0,Feynman65,alpha
0.0,0.9523595268328078,1.0,1.0,Feynman65,alpha
0.0,0.24039989012111496,1.0,1.0,Feynman65,alpha
0.0,0.45024467683558755,1.0,1.0,Feynman65,alpha
0.0,0.9830159763881827,1.0,1.0,Feynman65,alpha
0.0,0.32909262475264456,1.0,1.0,Feynman65,alpha
0.0,0.7607349278352041,1.0,1.0,Feynman65,alpha
0.0,0.20495331012721574,1.0,1.0,Feynman65,alpha
0.0,0.9414296246239063,1.0,1.0,Feynman65,alpha
0.0,0.9593292731733756,1.0,1.0,Feynman65,alpha
0.0,0.2826017453262608,1.0,1.0,Feynman65,alpha
0.0,0.21924274093000184,1.0,1.0,Feynman65,alpha
0.0,0.7337880065542195,1.0,1.0,Feynman65,alpha
0.0,0.6554087497086368,1.0,1.0,Feynman65,alpha
0.0,0.5132285551749772,1.0,1.0,Feynman65,alpha
0.0,0.8285370600894935,1.0,1.0,Feynman65,alpha
0.0,0.15002107804659093,1.0,1.0,Feynman65,alpha
0.0,0.6863561926851638,1.0,1.0,Feynman65,alpha
0.0,0.2069993496604191,1.0,1.0,Feynman65,alpha
0.0,0.030034878522186337,1.0,1.0,Feynman65,alpha
0.0,0.8128229478013862,1.0,1.0,Feynman65,alpha
0.0,0.2435304516461747,1.0,1.0,Feynman65,alpha
0.0,0.9861789239968102,1.0,1.0,Feynman65,alpha
0.0,0.47739409021855206,1.0,1.0,Feynman65,alpha
0.0,0.3906559728124883,1.0,1.0,Feynman65,alpha
0.0,0.6710327616208557,1.0,1.0,Feynman65,alpha
0.0,0.24255686195342097,1.0,1.0,Feynman65,alpha
0.0,0.4712948775103294,1.0,1.0,Feynman65,alpha
0.0,0.6374682295564528,1.0,1.0,Feynman65,alpha
0.0,0.4266032163553415,1.0,1.0,Feynman65,alpha
0.0,0.7378273505416824,1.0,1.0,Feynman65,alpha
0.0,0.0959373883395932,1.0,1.0,Feynman65,alpha
0.0,0.4735170748794647,1.0,1.0,Feynman65,alpha
0.0,0.26564619849412996,1.0,1.0,Feynman65,alpha
0.0,0.871477695605792,1.0,1.0,Feynman65,alpha
0.0,0.24864116198814568,1.0,1.0,Feynman65,alpha
0.0,0.7454658295622019,1.0,1.0,Feynman65,alpha
0.0,0.9264340437434722,1.0,1.0,Feynman65,alpha
0.0,0.5652209167414116,1.0,1.0,Feynman65,alpha
0.0,0.6463040358163743,1.0,1.0,Feynman65,alpha
0.0,0.5796710671882164,1.0,1.0,Feynman65,alpha
0.0,0.769803991731807,1.0,1.0,Feynman65,alpha
0.0,0.9962845328634589,1.0,1.0,Feynman65,alpha
0.0,0.5721633667111364,1.0,1.0,Feynman65,alpha
0.0,0.6649714849377544,1.0,1.0,Feynman65,alpha
0.0,0.7636826097383814,1.0,1.0,Feynman65,alpha
0.0,0.3248835310408824,1.0,1.0,Feynman65,alpha
0.0,0.5529629456775093,1.0,1.0,Feynman65,alpha
0.0,0.779231256391818,1.0,1.0,Feynman65,alpha
